,cumrets
2005-10-04 00:00:00,0.99203347651922469
2005-10-05 00:00:00,0.98270527177228728
2005-10-06 00:00:00,0.97957781518758613
2005-10-07 00:00:00,0.98232460941979405
2005-10-10 00:00:00,0.97666609858986586
2005-10-11 00:00:00,0.97389191843607337
2005-10-12 00:00:00,0.96778458386769184
2005-10-13 00:00:00,0.96688967694047867
2005-10-14 00:00:00,0.97361471183452764
2005-10-17 00:00:00,0.97485285303555635
2005-10-18 00:00:00,0.96889583761788922
2005-10-19 00:00:00,0.9785185927308645
2005-10-20 00:00:00,0.9690808442975879
2005-10-21 00:00:00,0.97310990258089725
2005-10-24 00:00:00,0.98283611344481991
2005-10-25 00:00:00,0.9797707303106874
2005-10-26 00:00:00,0.97607425730809683
2005-10-27 00:00:00,0.96834416496449183
2005-10-28 00:00:00,0.97788141492701497
2005-11-02 00:00:00,0.98508980610513008
2005-11-03 00:00:00,0.98638438730269351
2005-11-04 00:00:00,0.9862321167615965
2005-11-07 00:00:00,0.98729806983311685
2005-11-08 00:00:00,0.98854156812253224
2005-11-09 00:00:00,0.98833871858592037
2005-11-10 00:00:00,0.99410008017385632
2005-11-11 00:00:00,0.99755190147509798
2005-11-14 00:00:00,0.9946839765872072
2005-11-15 00:00:00,0.99313558151256165
2005-11-16 00:00:00,0.99607962685004114
2005-11-17 00:00:00,1.0029071490029355
2005-11-18 00:00:00,1.0065875391463808
2005-11-21 00:00:00,1.0101154808972115
2005-11-22 00:00:00,1.015090096535185
2005-11-23 00:00:00,1.0173491467521238
2005-11-25 00:00:00,1.0193795392011
2005-11-28 00:00:00,1.0135671539888549
2005-11-29 00:00:00,1.0119175712812603
2005-12-02 00:00:00,1.012355439049607
2005-12-05 00:00:00,1.0098195479262966
2005-12-06 00:00:00,1.0112637339173076
2005-12-07 00:00:00,1.0082504768429246
2005-12-08 00:00:00,1.0098384885753231
2005-12-09 00:00:00,1.0099368875568506
2005-12-12 00:00:00,1.0102704277665355
2005-12-13 00:00:00,1.0149568524994279
2005-12-14 00:00:00,1.0182899447610296
2005-12-15 00:00:00,1.0162572127490512
2005-12-16 00:00:00,1.0159629397385672
2005-12-19 00:00:00,1.0104592183007339
2005-12-20 00:00:00,1.0105051070276436
2005-12-21 00:00:00,1.0124465235528524
2005-12-22 00:00:00,1.0168583088748613
2005-12-23 00:00:00,1.0181915457795021
2005-12-27 00:00:00,1.0100010239822128
2005-12-28 00:00:00,1.0099489756946443
2005-12-29 00:00:00,1.0078833670276484
2006-01-04 00:00:00,1.013336928332748
2006-01-05 00:00:00,1.0129431994619105
2006-01-06 00:00:00,1.019181227683609
2006-01-09 00:00:00,1.0218162581516903
2006-01-10 00:00:00,1.0214247250764781
2006-01-11 00:00:00,1.0225895567974332
2006-01-12 00:00:00,1.0198498095931274
2006-01-13 00:00:00,1.0220294774786665
2006-01-17 00:00:00,1.0200823746367385
2006-01-18 00:00:00,1.0181270943490313
2006-01-19 00:00:00,1.0209775399397152
2006-01-20 00:00:00,1.0095073471856726
2006-01-23 00:00:00,1.0114410859611191
2006-01-24 00:00:00,1.0128622200335717
2006-01-25 00:00:00,1.0092717913169849
2006-01-26 00:00:00,1.014261017564313
2006-01-27 00:00:00,1.0199760678416123
2006-01-30 00:00:00,1.020002795974575
2006-02-02 00:00:00,1.0138544970235528
2006-02-03 00:00:00,1.0116529151963658
2006-02-06 00:00:00,1.0127799043633108
2006-02-07 00:00:00,1.0057205694425879
2006-02-08 00:00:00,1.0103066565975758
2006-02-09 00:00:00,1.0094437723542877
2006-02-10 00:00:00,1.009800864496168
2006-02-13 00:00:00,1.0068496809996772
2006-02-14 00:00:00,1.0125969808626964
2006-02-15 00:00:00,1.015808024502554
2006-02-16 00:00:00,1.0209383720803262
2006-02-17 00:00:00,1.0212303333746346
2006-02-21 00:00:00,1.0189666716357091
2006-02-22 00:00:00,1.0255117248944445
2006-02-23 00:00:00,1.0230042535876229
2006-02-24 00:00:00,1.0236917753451882
2006-02-27 00:00:00,1.024978076422385
2006-03-02 00:00:00,1.0231183205590755
2006-03-03 00:00:00,1.0212242354249776
2006-03-06 00:00:00,1.0150878239082293
2006-03-07 00:00:00,1.0125463706029902
2006-03-08 00:00:00,1.0147201858761166
2006-03-09 00:00:00,1.0113550853433197
2006-03-10 00:00:00,1.0159467269470701
2006-03-13 00:00:00,1.017278572181626
2006-03-14 00:00:00,1.0263433243872342
2006-03-15 00:00:00,1.0287790102586236
2006-03-16 00:00:00,1.032410150821911
2006-03-17 00:00:00,1.0321638234131758
2006-03-20 00:00:00,1.0313758952671492
2006-03-21 00:00:00,1.0261505756007954
2006-03-22 00:00:00,1.0307436070152884
2006-03-23 00:00:00,1.0296557728382301
2006-03-24 00:00:00,1.0321116346016226
2006-03-27 00:00:00,1.0308837037199263
2006-03-28 00:00:00,1.0251497227763271
2006-03-29 00:00:00,1.0312142328597664
2006-03-30 00:00:00,1.0283733367937435
2006-04-04 00:00:00,1.0323249614876637
2006-04-05 00:00:00,1.0356856430089605
2006-04-06 00:00:00,1.0344254611138641
2006-04-07 00:00:00,1.0254430906665792
2006-04-10 00:00:00,1.0267238256188362
2006-04-11 00:00:00,1.0211532246341897
2006-04-12 00:00:00,1.0218124815296419
2006-04-13 00:00:00,1.0197497607420891
2006-04-17 00:00:00,1.0201127950375775
2006-04-18 00:00:00,1.0328772131974555
2006-04-19 00:00:00,1.0339850438927116
2006-04-20 00:00:00,1.0345167425453423
2006-04-21 00:00:00,1.0350221462136504
2006-04-24 00:00:00,1.0333792895900902
2006-04-25 00:00:00,1.0289929896021792
2006-04-26 00:00:00,1.0289542981393471
2006-04-27 00:00:00,1.0319882221764987
2006-05-02 00:00:00,1.0366637033530097
2006-05-03 00:00:00,1.0341631629190093
2006-05-04 00:00:00,1.0372280378006269
2006-05-05 00:00:00,1.0438765994162149
2006-05-08 00:00:00,1.0447687195603175
2006-05-09 00:00:00,1.0445386329467612
2006-05-10 00:00:00,1.0437290057280286
2006-05-11 00:00:00,1.0341371226138829
2006-05-12 00:00:00,1.0235966667353902
2006-05-15 00:00:00,1.0250314530319757
2006-05-16 00:00:00,1.0241458909028607
2006-05-17 00:00:00,1.0107706467563067
2006-05-18 00:00:00,1.0101738098659878
2006-05-19 00:00:00,1.0136033448967845
2006-05-22 00:00:00,1.0102020361761097
2006-05-23 00:00:00,1.0048124408587995
2006-05-24 00:00:00,1.0076646212894158
2006-05-25 00:00:00,1.0162384588664073
2006-05-26 00:00:00,1.0202779468174981
2006-05-30 00:00:00,1.0078512754352906
2006-06-02 00:00:00,1.011758229531309
2006-06-05 00:00:00,0.99974253273733538
2006-06-06 00:00:00,0.99716556575772464
2006-06-07 00:00:00,0.99235199555600806
2006-06-08 00:00:00,0.9922233456533297
2006-06-09 00:00:00,0.99053473771962741
2006-06-12 00:00:00,0.98176556572841589
2006-06-13 00:00:00,0.97464548250732497
2006-06-14 00:00:00,0.97635841428776549
2006-06-15 00:00:00,0.99044764814249497
2006-06-16 00:00:00,0.98674123820944415
2006-06-19 00:00:00,0.97986325947686659
2006-06-20 00:00:00,0.97972043483832671
2006-06-21 00:00:00,0.98690027874580943
2006-06-22 00:00:00,0.98223055376361479
2006-06-23 00:00:00,0.98299939143673964
2006-06-26 00:00:00,0.9859227889608041
2006-06-27 00:00:00,0.98067059573259097
2006-06-28 00:00:00,0.98402450833423938
2006-06-29 00:00:00,0.99961796515858525
2006-07-05 00:00:00,0.99356699963473882
2006-07-06 00:00:00,1.0012666747668679
2006-07-07 00:00:00,0.99631798542011329
2006-07-10 00:00:00,0.99714666396844021
2006-07-11 00:00:00,1.0079900037455749
2006-07-12 00:00:00,1.0086313772361306
2006-07-13 00:00:00,1.0015391640802027
2006-07-14 00:00:00,0.99767019769329557
2006-07-17 00:00:00,0.98209740188493977
2006-07-18 00:00:00,0.9805018703831111
2006-07-19 00:00:00,1.0023943638078661
2006-07-20 00:00:00,0.98923055586209674
2006-07-21 00:00:00,0.97937228761810158
2006-07-24 00:00:00,0.98665059344473816
2006-07-25 00:00:00,0.99139949658212989
2006-07-26 00:00:00,0.99629738378331234
2006-07-27 00:00:00,1.0015447225945961
2006-07-28 00:00:00,1.0138502996951582
2006-08-02 00:00:00,1.0193238558462172
2006-08-03 00:00:00,1.0161751966931407
2006-08-04 00:00:00,1.0226965133975128
2006-08-07 00:00:00,1.0256234109374824
2006-08-08 00:00:00,1.0131202038254372
2006-08-09 00:00:00,1.0147191828708551
2006-08-10 00:00:00,1.0032045863110008
2006-08-11 00:00:00,0.99528537342310563
2006-08-14 00:00:00,0.9926614815058965
2006-08-15 00:00:00,0.99551176370313077
2006-08-16 00:00:00,0.99475354201757016
2006-08-17 00:00:00,0.98232327881874137
2006-08-18 00:00:00,0.98554949843502304
2006-08-21 00:00:00,0.9975009127125235
2006-08-22 00:00:00,0.99722302306041344
2006-08-23 00:00:00,0.9901962704688696
2006-08-24 00:00:00,0.99574615115636556
2006-08-25 00:00:00,0.99533586466668911
2006-08-28 00:00:00,0.98955321534768692
2006-08-29 00:00:00,0.9902544438455062
2006-08-30 00:00:00,0.99969970398253172
2006-09-05 00:00:00,1.0000031153592326
2006-09-06 00:00:00,0.99257346894968557
2006-09-07 00:00:00,0.99035441294320525
2006-09-08 00:00:00,0.99206876195343163
2006-09-11 00:00:00,0.99158174149884082
2006-09-12 00:00:00,1.0000698580330543
2006-09-13 00:00:00,1.0039022148907009
2006-09-14 00:00:00,1.0018351314720932
2006-09-15 00:00:00,1.0031632412872666
2006-09-18 00:00:00,1.00329806113252
2006-09-19 00:00:00,1.0034982891539845
2006-09-20 00:00:00,1.0075997519030944
2006-09-21 00:00:00,1.005732095807385
2006-09-22 00:00:00,1.0050925689658774
2006-09-25 00:00:00,1.0118995743770143
2006-09-26 00:00:00,1.0157496177763243
2006-09-27 00:00:00,1.0164725062352282
2006-09-28 00:00:00,1.0168761650724225
2006-10-03 00:00:00,1.0179385465786794
2006-10-04 00:00:00,1.0265401759487558
2006-10-05 00:00:00,1.028680730260922
2006-10-06 00:00:00,1.0255593607814617
2006-10-09 00:00:00,1.0266727047176409
2006-10-10 00:00:00,1.026131171589028
2006-10-11 00:00:00,1.0244276157049284
2006-10-12 00:00:00,1.0315946614897289
2006-10-13 00:00:00,1.0333985110832336
2006-10-16 00:00:00,1.035844187514757
2006-10-17 00:00:00,1.0335343021529968
2006-10-18 00:00:00,1.0344954112595854
2006-10-19 00:00:00,1.0348998483980842
2006-10-20 00:00:00,1.0346131274190817
2006-10-23 00:00:00,1.0367201417514174
2006-10-24 00:00:00,1.0388284610041036
2006-10-25 00:00:00,1.0424045775918092
2006-10-26 00:00:00,1.0473465666546897
2006-10-27 00:00:00,1.0430306131301748
2006-10-30 00:00:00,1.0434186065088458
2006-11-02 00:00:00,1.0420855708549419
2006-11-03 00:00:00,1.0393369622586128
2006-11-06 00:00:00,1.0473434630583933
2006-11-07 00:00:00,1.0510000341666221
2006-11-08 00:00:00,1.0534865855634421
2006-11-09 00:00:00,1.049553494475703
2006-11-10 00:00:00,1.0519740125524948
2006-11-13 00:00:00,1.0534659468797973
2006-11-14 00:00:00,1.0596647920860802
2006-11-15 00:00:00,1.0613238770710287
2006-11-16 00:00:00,1.0619759582870629
2006-11-17 00:00:00,1.0628612060347156
2006-11-20 00:00:00,1.0635380432034893
2006-11-21 00:00:00,1.0659358639620893
2006-11-22 00:00:00,1.0684513060267999
2006-11-24 00:00:00,1.0667468264054674
2006-11-27 00:00:00,1.0556470876292168
2006-11-28 00:00:00,1.0589714335027574
2006-11-29 00:00:00,1.0658512505929647
2006-12-04 00:00:00,1.072806748144215
2006-12-05 00:00:00,1.0749075467489966
2006-12-06 00:00:00,1.0738675891318683
2006-12-07 00:00:00,1.0706100400926677
2006-12-08 00:00:00,1.070007537735495
2006-12-11 00:00:00,1.072892352845852
2006-12-12 00:00:00,1.0723492825070922
2006-12-13 00:00:00,1.0716947086637405
2006-12-14 00:00:00,1.0766632562146057
2006-12-15 00:00:00,1.0769489133353654
2006-12-18 00:00:00,1.0742373788478186
2006-12-19 00:00:00,1.0750675784137849
2006-12-20 00:00:00,1.0747298498068463
2006-12-21 00:00:00,1.0732286093463435
2006-12-22 00:00:00,1.0675266446696352
2006-12-26 00:00:00,1.0719915435229865
2006-12-27 00:00:00,1.0759595550979695
2006-12-28 00:00:00,1.0740752759634951
2007-01-04 00:00:00,1.076744366710517
2007-01-05 00:00:00,1.0698826576820977
2007-01-08 00:00:00,1.0728205175033798
2007-01-09 00:00:00,1.0727142786036801
2007-01-10 00:00:00,1.0737565592643956
2007-01-11 00:00:00,1.0781449343111649
2007-01-12 00:00:00,1.0821648605112397
2007-01-16 00:00:00,1.0814611894086614
2007-01-17 00:00:00,1.0813515632067077
2007-01-18 00:00:00,1.0778793370619157
2007-01-19 00:00:00,1.0800834710148199
2007-01-22 00:00:00,1.0779855759616155
2007-01-23 00:00:00,1.078898337561339
2007-01-24 00:00:00,1.0853416501182249
2007-01-25 00:00:00,1.0758275713768113
2007-01-26 00:00:00,1.075309710610086
2007-01-29 00:00:00,1.0751602986900559
2007-01-30 00:00:00,1.0797148066908828
2007-02-02 00:00:00,1.0808341895092315
2007-02-05 00:00:00,1.0821211718069177
2007-02-06 00:00:00,1.0831436290102234
2007-02-07 00:00:00,1.0863403368542213
2007-02-08 00:00:00,1.0855376763896798
2007-02-09 00:00:00,1.0789458668808989
2007-02-12 00:00:00,1.0759582543166761
2007-02-13 00:00:00,1.0817198415746472
2007-02-14 00:00:00,1.0885975790957876
2007-02-15 00:00:00,1.089363286350592
2007-02-16 00:00:00,1.0902489384160075
2007-02-20 00:00:00,1.0928413796162491
2007-02-21 00:00:00,1.0931289239061979
2007-02-22 00:00:00,1.0918727359499592
2007-02-23 00:00:00,1.0910499826029592
2007-02-26 00:00:00,1.0911559933994015
2007-02-27 00:00:00,1.0673698826213909
2007-03-02 00:00:00,1.0583657865441554
2007-03-05 00:00:00,1.0503855832400388
2007-03-06 00:00:00,1.0615654620028792
2007-03-07 00:00:00,1.0617286128109913
2007-03-08 00:00:00,1.0675583528425483
2007-03-09 00:00:00,1.0658115326311259
2007-03-12 00:00:00,1.0686455357140996
2007-03-13 00:00:00,1.0574051838694682
2007-03-14 00:00:00,1.0605120327259339
2007-03-15 00:00:00,1.0629156563922224
2007-03-16 00:00:00,1.0598650635267675
2007-03-19 00:00:00,1.0673544143324076
2007-03-20 00:00:00,1.0726032922798721
2007-03-21 00:00:00,1.0845412521497608
2007-03-22 00:00:00,1.0836903444404542
2007-03-23 00:00:00,1.0846171935205344
2007-03-26 00:00:00,1.0836608079366281
2007-03-27 00:00:00,1.0806735051696055
2007-03-28 00:00:00,1.075892977324213
2007-03-29 00:00:00,1.0773331812991735
2007-04-03 00:00:00,1.083544874149706
2007-04-04 00:00:00,1.0849249093781146
2007-04-05 00:00:00,1.0859250697834468
2007-04-09 00:00:00,1.0852109976784816
2007-04-10 00:00:00,1.0880084284736857
2007-04-11 00:00:00,1.0828927283147867
2007-04-12 00:00:00,1.0880177685582824
2007-04-13 00:00:00,1.0898440820837403
2007-04-16 00:00:00,1.0975409825335802
2007-04-17 00:00:00,1.1002111064665612
2007-04-18 00:00:00,1.1017395601667208
2007-04-19 00:00:00,1.1003128245153289
2007-04-20 00:00:00,1.1065864436359076
2007-04-23 00:00:00,1.1058339883107591
2007-04-24 00:00:00,1.1064030962661044
2007-04-25 00:00:00,1.1128344739430309
2007-04-26 00:00:00,1.1120117751450362
2007-04-27 00:00:00,1.1112101879565695
2007-05-02 00:00:00,1.1162297035374933
2007-05-03 00:00:00,1.1190914191724646
2007-05-04 00:00:00,1.122334266646015
2007-05-07 00:00:00,1.1237398061362587
2007-05-08 00:00:00,1.1230583956270104
2007-05-09 00:00:00,1.1244831058898752
2007-05-10 00:00:00,1.1159744352263645
2007-05-11 00:00:00,1.1221465138741964
2007-05-14 00:00:00,1.1193354348937079
2007-05-15 00:00:00,1.1172912033659637
2007-05-16 00:00:00,1.1234947478956578
2007-05-17 00:00:00,1.12070617409494
2007-05-18 00:00:00,1.1253051737726874
2007-05-21 00:00:00,1.1279487132733348
2007-05-22 00:00:00,1.1268096946841046
2007-05-23 00:00:00,1.1256537972100469
2007-05-24 00:00:00,1.1184168843265947
2007-05-25 00:00:00,1.121673276277823
2007-05-29 00:00:00,1.1238704602883733
2007-05-30 00:00:00,1.1307812549142362
2007-06-04 00:00:00,1.1326200285382835
2007-06-05 00:00:00,1.1276078324204166
2007-06-06 00:00:00,1.1201014229174344
2007-06-07 00:00:00,1.1016722718900025
2007-06-08 00:00:00,1.1123534244061166
2007-06-11 00:00:00,1.1122922018294621
2007-06-12 00:00:00,1.1005428977474552
2007-06-13 00:00:00,1.1130621636279605
2007-06-14 00:00:00,1.1185126401058523
2007-06-15 00:00:00,1.1241388611978291
2007-06-18 00:00:00,1.1227476115689985
2007-06-19 00:00:00,1.1266509015936716
2007-06-20 00:00:00,1.1155215648226835
2007-06-21 00:00:00,1.1187443252193394
2007-06-22 00:00:00,1.1136347738151129
2007-06-25 00:00:00,1.1096380900620195
2007-06-26 00:00:00,1.1036881106474481
2007-06-27 00:00:00,1.1144765223447708
2007-06-28 00:00:00,1.1140855991086127
2007-07-03 00:00:00,1.116195555624697
2007-07-05 00:00:00,1.1137715199831728
2007-07-06 00:00:00,1.1169874499413888
2007-07-09 00:00:00,1.1178657422783735
2007-07-10 00:00:00,1.1102115735915739
2007-07-11 00:00:00,1.1142601021009662
2007-07-12 00:00:00,1.1245078198703198
2007-07-13 00:00:00,1.1276587215313476
2007-07-16 00:00:00,1.1285363901744165
2007-07-17 00:00:00,1.1273228131188657
2007-07-18 00:00:00,1.1268724404598949
2007-07-19 00:00:00,1.1287547158708318
2007-07-20 00:00:00,1.1237065701448952
2007-07-23 00:00:00,1.1250915317232217
2007-07-24 00:00:00,1.1129615385429315
2007-07-25 00:00:00,1.1135677033767915
2007-07-26 00:00:00,1.0990462707685602
2007-07-27 00:00:00,1.0861430940890426
2007-07-30 00:00:00,1.0957258556665028
2007-08-02 00:00:00,1.1022352090818217
2007-08-03 00:00:00,1.0854438945425555
2007-08-06 00:00:00,1.0959876826528157
2007-08-07 00:00:00,1.1014968506996137
2007-08-08 00:00:00,1.1099553780152782
2007-08-09 00:00:00,1.0918233261709982
2007-08-10 00:00:00,1.0895887639959747
2007-08-13 00:00:00,1.0916494717959251
2007-08-14 00:00:00,1.0802650390649116
2007-08-15 00:00:00,1.071367747834175
2007-08-16 00:00:00,1.0773443070506559
2007-08-17 00:00:00,1.0905511818836722
2007-08-20 00:00:00,1.0928246106806458
2007-08-21 00:00:00,1.0945335354704842
2007-08-22 00:00:00,1.1034666107694846
2007-08-23 00:00:00,1.1024377981463525
2007-08-24 00:00:00,1.1111111373064473
2007-08-27 00:00:00,1.104402384815131
2007-08-28 00:00:00,1.0913325885826439
2007-08-29 00:00:00,1.1041999031854473
2007-08-30 00:00:00,1.1041314176026058
2007-09-05 00:00:00,1.0999338089898831
2007-09-06 00:00:00,1.1013902866693051
2007-09-07 00:00:00,1.0946683426240569
2007-09-10 00:00:00,1.0924795961672302
2007-09-11 00:00:00,1.1009976726801092
2007-09-12 00:00:00,1.1026333570250433
2007-09-13 00:00:00,1.1031246506755104
2007-09-14 00:00:00,1.1043207170497609
2007-09-17 00:00:00,1.100607019847536
2007-09-18 00:00:00,1.1205883677336865
2007-09-19 00:00:00,1.1246598006315169
2007-09-20 00:00:00,1.1158758917301204
2007-09-21 00:00:00,1.1195540330033364
2007-09-24 00:00:00,1.117895524303077
2007-09-25 00:00:00,1.1162665445626938
2007-09-26 00:00:00,1.1218636058413411
2007-09-27 00:00:00,1.1272150202947548
2007-10-02 00:00:00,1.126802918372988
2007-10-03 00:00:00,1.1253261002707218
2007-10-04 00:00:00,1.1274489210373955
2007-10-05 00:00:00,1.1322393641805009
2007-10-08 00:00:00,1.1325797365411912
2007-10-09 00:00:00,1.1367445731646471
2007-10-10 00:00:00,1.1356332327694481
2007-10-11 00:00:00,1.1313942028304265
2007-10-12 00:00:00,1.1338585186813552
2007-10-15 00:00:00,1.1282880321549267
2007-10-16 00:00:00,1.1239599016263415
2007-10-17 00:00:00,1.1267993318949343
2007-10-18 00:00:00,1.1284568149308163
2007-10-19 00:00:00,1.1123907966541557
2007-10-22 00:00:00,1.1152205902121515
2007-10-23 00:00:00,1.1203969072070823
2007-10-24 00:00:00,1.1218731639475661
2007-10-25 00:00:00,1.1210566944219225
2007-10-26 00:00:00,1.1290131556438778
2007-10-29 00:00:00,1.1323041390928292
2007-10-30 00:00:00,1.127394001143023
2007-11-02 00:00:00,1.1283279752504127
2007-11-05 00:00:00,1.1219009874043706
2007-11-06 00:00:00,1.1316121152709249
2007-11-07 00:00:00,1.1120697353574298
2007-11-08 00:00:00,1.1120077801927606
2007-11-09 00:00:00,1.1045927795679227
2007-11-12 00:00:00,1.0958330076744016
2007-11-13 00:00:00,1.1147998929471907
2007-11-14 00:00:00,1.1124767463697713
2007-11-15 00:00:00,1.1040057543826811
2007-11-16 00:00:00,1.1069276287875576
2007-11-19 00:00:00,1.0977882094127573
2007-11-20 00:00:00,1.0994389703558347
2007-11-21 00:00:00,1.0899992405300682
2007-11-23 00:00:00,1.0994119510201317
2007-11-26 00:00:00,1.0906485650753381
2007-11-27 00:00:00,1.0955271900976866
2007-11-28 00:00:00,1.1158562285048024
2007-11-29 00:00:00,1.1185030908176188
2007-12-04 00:00:00,1.1253933879387041
2007-12-05 00:00:00,1.1157613611550279
2007-12-06 00:00:00,1.1221113909558136
2007-12-07 00:00:00,1.1135669236800929
2007-12-10 00:00:00,1.1173238854078695
2007-12-11 00:00:00,1.1224120608279509
2007-12-12 00:00:00,1.1360742004987248
2007-12-13 00:00:00,1.1204658483206338
2007-12-14 00:00:00,1.1150706684275535
2007-12-17 00:00:00,1.1141059456575051
2007-12-18 00:00:00,1.1200153612491957
2007-12-19 00:00:00,1.128844385242229
2007-12-20 00:00:00,1.1236872913542544
2007-12-21 00:00:00,1.1294280229052123
2007-12-24 00:00:00,1.1306570138412531
2007-12-26 00:00:00,1.1392283460173949
2007-12-27 00:00:00,1.1440240761710614
2007-12-28 00:00:00,1.1550358903327975
2008-01-03 00:00:00,1.1606042812718789
2008-01-04 00:00:00,1.1571233698986219
2008-01-07 00:00:00,1.1498950264643761
2008-01-08 00:00:00,1.1620116664759992
2008-01-09 00:00:00,1.1585201283326834
2008-01-10 00:00:00,1.1587677621732533
2008-01-11 00:00:00,1.166504172330505
2008-01-14 00:00:00,1.1772621220004906
2008-01-15 00:00:00,1.1699861604893034
2008-01-16 00:00:00,1.1568372902995039
2008-01-17 00:00:00,1.1569430111421966
2008-01-18 00:00:00,1.159771636851308
2008-01-22 00:00:00,1.1657692681905043
2008-01-23 00:00:00,1.156061761600492
2008-01-24 00:00:00,1.1676862792490936
2008-01-25 00:00:00,1.1833626401372777
2008-01-28 00:00:00,1.1909773037602958
2008-01-29 00:00:00,1.1882882243561059
2008-01-30 00:00:00,1.1852037486594276
2008-02-04 00:00:00,1.1868164062907904
2008-02-05 00:00:00,1.1811006443092531
2008-02-06 00:00:00,1.1838000040641754
2008-02-07 00:00:00,1.1837839038183033
2008-02-08 00:00:00,1.2049562424707694
2008-02-11 00:00:00,1.2115565865469764
2008-02-12 00:00:00,1.1919508863251729
2008-02-13 00:00:00,1.1915598325486809
2008-02-14 00:00:00,1.1951224123989796
2008-02-15 00:00:00,1.1939114949533656
2008-02-19 00:00:00,1.2142628518542966
2008-02-20 00:00:00,1.2266822027677502
2008-02-21 00:00:00,1.2282947806367157
2008-02-22 00:00:00,1.2324702431184624
2008-02-25 00:00:00,1.2301912252747214
2008-02-26 00:00:00,1.2440241571162605
2008-02-27 00:00:00,1.2482997379880874
2008-02-28 00:00:00,1.2636877138132128
2008-03-04 00:00:00,1.2493410530078302
2008-03-05 00:00:00,1.2701737687960974
2008-03-06 00:00:00,1.2707213016326984
2008-03-07 00:00:00,1.2668919921843953
2008-03-10 00:00:00,1.2771454938990634
2008-03-11 00:00:00,1.2797110506984213
2008-03-12 00:00:00,1.29380249778026
2008-03-13 00:00:00,1.2976527790814913
2008-03-14 00:00:00,1.3040325846001206
2008-03-17 00:00:00,1.2894706394290338
2008-03-18 00:00:00,1.2840455982056509
2008-03-19 00:00:00,1.2552573924159587
2008-03-20 00:00:00,1.225093050132497
2008-03-24 00:00:00,1.2244286308127481
2008-03-25 00:00:00,1.241235961350718
2008-03-26 00:00:00,1.2582705980617441
2008-03-27 00:00:00,1.2620813463253797
2008-03-28 00:00:00,1.2465751871129145
2008-04-02 00:00:00,1.2680319070902328
2008-04-03 00:00:00,1.2718378250190763
2008-04-04 00:00:00,1.2817811082127424
2008-04-07 00:00:00,1.2880977023235769
2008-04-08 00:00:00,1.2870653088007322
2008-04-09 00:00:00,1.3045243022757607
2008-04-10 00:00:00,1.299416096447005
2008-04-11 00:00:00,1.2970669412376095
2008-04-14 00:00:00,1.2981268680045397
2008-04-15 00:00:00,1.3039821406453793
2008-04-16 00:00:00,1.3130604414828466
2008-04-17 00:00:00,1.3072147852832683
2008-04-18 00:00:00,1.2980029640168815
2008-04-21 00:00:00,1.2962616490651637
2008-04-22 00:00:00,1.2993116342712776
2008-04-23 00:00:00,1.2893584027370621
2008-04-24 00:00:00,1.2690027553468677
2008-04-25 00:00:00,1.2766549378258698
2008-04-28 00:00:00,1.282716750424465
2008-04-29 00:00:00,1.2619233177605456
2008-05-02 00:00:00,1.2639296098251067
2008-05-05 00:00:00,1.2735312068121756
2008-05-06 00:00:00,1.2750220964623669
2008-05-07 00:00:00,1.2792314359189805
2008-05-08 00:00:00,1.2929155043068852
2008-05-09 00:00:00,1.3019788998756163
2008-05-12 00:00:00,1.2928185744376102
2008-05-13 00:00:00,1.2872373323109616
2008-05-14 00:00:00,1.2799098172604495
2008-05-15 00:00:00,1.2910720794549968
2008-05-16 00:00:00,1.2951796790446461
2008-05-19 00:00:00,1.2973543131257173
2008-05-20 00:00:00,1.3072077171448913
2008-05-21 00:00:00,1.3198819063886247
2008-05-22 00:00:00,1.3053396772823385
2008-05-23 00:00:00,1.3098841346127754
2008-05-27 00:00:00,1.2973899892641549
2008-05-28 00:00:00,1.2935857054270437
2008-05-29 00:00:00,1.2757865273204114
2008-06-03 00:00:00,1.2627424629944068
2008-06-04 00:00:00,1.2535083401742109
2008-06-05 00:00:00,1.2672432685942507
2008-06-06 00:00:00,1.2929632960622293
2008-06-09 00:00:00,1.2890130024938193
2008-06-10 00:00:00,1.2726026881089509
2008-06-11 00:00:00,1.2969770446330127
2008-06-12 00:00:00,1.2868617370623188
2008-06-13 00:00:00,1.283924308840843
2008-06-16 00:00:00,1.2888760380598814
2008-06-17 00:00:00,1.2958804667435093
2008-06-18 00:00:00,1.3091751555307478
2008-06-19 00:00:00,1.2983339609680831
2008-06-20 00:00:00,1.3049146151414261
2008-06-23 00:00:00,1.2986608692762345
2008-06-24 00:00:00,1.3034415933043715
2008-06-25 00:00:00,1.3007364803386818
2008-06-26 00:00:00,1.3326403402139049
2008-06-27 00:00:00,1.341790842683777
2008-07-02 00:00:00,1.3557833010944897
2008-07-03 00:00:00,1.3499592787595727
2008-07-07 00:00:00,1.3419829302780333
2008-07-08 00:00:00,1.3248232372468891
2008-07-09 00:00:00,1.3291741219046997
2008-07-10 00:00:00,1.3498201983472629
2008-07-11 00:00:00,1.359956413002396
2008-07-14 00:00:00,1.3679034765131364
2008-07-15 00:00:00,1.3561129165536105
2008-07-16 00:00:00,1.3360990245820705
2008-07-17 00:00:00,1.3238964649285536
2008-07-18 00:00:00,1.3146941400402967
2008-07-21 00:00:00,1.3255808511337428
2008-07-22 00:00:00,1.3042303914103417
2008-07-23 00:00:00,1.2827422382170155
2008-07-24 00:00:00,1.2907009440490578
2008-07-25 00:00:00,1.2835927979442563
2008-07-28 00:00:00,1.2890015234740797
2008-07-29 00:00:00,1.2779520740005186
2008-07-30 00:00:00,1.2812986303492246
2008-08-04 00:00:00,1.2671814321167134
2008-08-05 00:00:00,1.2642493986376533
2008-08-06 00:00:00,1.2599056453353421
2008-08-07 00:00:00,1.2621861158190557
2008-08-08 00:00:00,1.2506751695679312
2008-08-11 00:00:00,1.2502407942377001
2008-08-12 00:00:00,1.246874385428409
2008-08-13 00:00:00,1.2600142391679001
2008-08-14 00:00:00,1.2565392365260513
2008-08-15 00:00:00,1.2510009510656046
2008-08-18 00:00:00,1.253281421549318
2008-08-19 00:00:00,1.2594712700051114
2008-08-20 00:00:00,1.2627290849818447
2008-08-21 00:00:00,1.280212692023647
2008-08-22 00:00:00,1.2657697122934626
2008-08-25 00:00:00,1.2634892418097492
2008-08-26 00:00:00,1.2637064294748648
2008-08-27 00:00:00,1.267507213614387
2008-08-28 00:00:00,1.2593626761725538
2008-09-03 00:00:00,1.2688465175995223
2008-09-04 00:00:00,1.2623968586352705
2008-09-05 00:00:00,1.2612460381265964
2008-09-08 00:00:00,1.2809682992837348
2008-09-09 00:00:00,1.2709694198718937
2008-09-10 00:00:00,1.2679534344710262
2008-09-11 00:00:00,1.2733380397330984
2008-09-12 00:00:00,1.2643748279413225
2008-09-15 00:00:00,1.2618153959694731
2008-09-16 00:00:00,1.2800853557045671
2008-09-17 00:00:00,1.2621188896407105
2008-09-18 00:00:00,1.2840105444709786
2008-09-19 00:00:00,1.275484198095564
2008-09-22 00:00:00,1.2376982015165954
2008-09-23 00:00:00,1.2386826326778928
2008-09-24 00:00:00,1.2388192791930324
2008-09-25 00:00:00,1.2417590730035981
2008-09-26 00:00:00,1.2570398985326068
2008-09-29 00:00:00,1.2437581099757151
2008-10-02 00:00:00,1.2470957483684333
2008-10-03 00:00:00,1.250792824741906
2008-10-06 00:00:00,1.2584437189036755
2008-10-07 00:00:00,1.2571600118295527
2008-10-08 00:00:00,1.2509982178737651
2008-10-09 00:00:00,1.2474551863491872
2008-10-10 00:00:00,1.2445283342201883
2008-10-13 00:00:00,1.2391881127918392
2008-10-14 00:00:00,1.2365180020776647
2008-10-15 00:00:00,1.2404204715829967
2008-10-16 00:00:00,1.2383151919814359
2008-10-17 00:00:00,1.2354910364183667
2008-10-20 00:00:00,1.2387259782451552
2008-10-21 00:00:00,1.2409339544126456
2008-10-22 00:00:00,1.2492523762529588
2008-10-23 00:00:00,1.2523846215138175
2008-10-24 00:00:00,1.2478659726129064
2008-10-27 00:00:00,1.2481740623106956
2008-10-28 00:00:00,1.2420636166378729
2008-10-29 00:00:00,1.240009685319277
2008-10-30 00:00:00,1.2362612606628396
2008-11-04 00:00:00,1.2489200332244237
2008-11-05 00:00:00,1.2561100714925058
2008-11-06 00:00:00,1.2517232291322786
2008-11-07 00:00:00,1.2474892529156938
2008-11-10 00:00:00,1.2499668283390055
2008-11-11 00:00:00,1.2527840629743381
2008-11-12 00:00:00,1.2580392266266804
2008-11-13 00:00:00,1.2447912174757012
2008-11-14 00:00:00,1.2571698654288259
2008-11-17 00:00:00,1.2608857086109237
2008-11-18 00:00:00,1.2696220867129888
2008-11-19 00:00:00,1.2852672085807202
2008-11-20 00:00:00,1.3167558143359084
2008-11-21 00:00:00,1.3059537934714169
2008-11-24 00:00:00,1.2947316506883448
2008-11-25 00:00:00,1.3154277247189106
2008-11-26 00:00:00,1.3186884791519522
2008-12-02 00:00:00,1.3226550748447081
2008-12-03 00:00:00,1.324615175233397
2008-12-04 00:00:00,1.3361036991966564
2008-12-05 00:00:00,1.3240440734954531
2008-12-08 00:00:00,1.3214173344707065
2008-12-09 00:00:00,1.3339509819060016
2008-12-10 00:00:00,1.3324427062688644
2008-12-11 00:00:00,1.3360199475566519
2008-12-12 00:00:00,1.3372278262910402
2008-12-15 00:00:00,1.3433351844442822
2008-12-16 00:00:00,1.361732141925319
2008-12-17 00:00:00,1.377509855466623
2008-12-18 00:00:00,1.3907327963650755
2008-12-19 00:00:00,1.3897302354798815
2008-12-22 00:00:00,1.3847375083857127
2008-12-23 00:00:00,1.3838125775891885
2008-12-24 00:00:00,1.3823516125565485
2008-12-26 00:00:00,1.3863759305782322
2008-12-29 00:00:00,1.3868060161918034
2008-12-30 00:00:00,1.3921251694997974
2009-01-05 00:00:00,1.3793294945087711
2009-01-06 00:00:00,1.3744639807464838
2009-01-07 00:00:00,1.3763510566907089
2009-01-08 00:00:00,1.377223444089128
2009-01-09 00:00:00,1.3800471572965816
2009-01-12 00:00:00,1.3876009838278189
2009-01-13 00:00:00,1.3884485242997961
2009-01-14 00:00:00,1.3985865077340363
2009-01-15 00:00:00,1.3989559417226536
2009-01-16 00:00:00,1.3874576765548892
2009-01-20 00:00:00,1.3866593268730252
2009-01-21 00:00:00,1.368115459806776
2009-01-22 00:00:00,1.3565066411269506
2009-01-23 00:00:00,1.3532449789686616
2009-01-26 00:00:00,1.3483620220515882
2009-01-27 00:00:00,1.3614144449704664
2009-01-28 00:00:00,1.3475269050428318
2009-01-29 00:00:00,1.3317811496634375
2009-02-03 00:00:00,1.3158308422398393
2009-02-04 00:00:00,1.3156353899676057
2009-02-05 00:00:00,1.3220348638201307
2009-02-06 00:00:00,1.3150135283144628
2009-02-09 00:00:00,1.3094979247390051
2009-02-10 00:00:00,1.3342686695006329
2009-02-11 00:00:00,1.3538621673211608
2009-02-12 00:00:00,1.3535163748181478
2009-02-13 00:00:00,1.3351997288304769
2009-02-17 00:00:00,1.3705948906914895
2009-02-18 00:00:00,1.3705266543962131
2009-02-19 00:00:00,1.3550545417325861
2009-02-20 00:00:00,1.3705094676972487
2009-02-23 00:00:00,1.3744740569274438
2009-02-24 00:00:00,1.3578444219749266
2009-02-25 00:00:00,1.341208879039794
2009-02-26 00:00:00,1.3345163732083698
2009-03-03 00:00:00,1.3260773531465317
2009-03-04 00:00:00,1.3174343511263968
2009-03-05 00:00:00,1.3494714367652696
2009-03-06 00:00:00,1.3462841946323236
2009-03-09 00:00:00,1.3350837862029652
2009-03-10 00:00:00,1.3110240485834272
2009-03-11 00:00:00,1.323774173454517
2009-03-12 00:00:00,1.3364491825343485
2009-03-13 00:00:00,1.334896015321362
2009-03-16 00:00:00,1.3234015003253869
2009-03-17 00:00:00,1.3167664236205363
2009-03-18 00:00:00,1.3630230627896627
2009-03-19 00:00:00,1.3673584191029462
2009-03-20 00:00:00,1.3614733546790776
2009-03-23 00:00:00,1.3492172689602209
2009-03-24 00:00:00,1.3474248584575561
2009-03-25 00:00:00,1.3430276743461138
2009-03-26 00:00:00,1.3488358847002853
2009-03-27 00:00:00,1.3469995655063287
2009-03-30 00:00:00,1.3467118155381297
2009-04-02 00:00:00,1.3274404043165959
2009-04-03 00:00:00,1.3073661386058004
2009-04-06 00:00:00,1.2931690471107165
2009-04-07 00:00:00,1.3022469093291216
2009-04-08 00:00:00,1.3077824905430946
2009-04-09 00:00:00,1.2981874293690576
2009-04-13 00:00:00,1.3126658238179651
2009-04-14 00:00:00,1.314812465784811
2009-04-15 00:00:00,1.3154307158468301
2009-04-16 00:00:00,1.3018369351433845
2009-04-17 00:00:00,1.2900657925526553
2009-04-20 00:00:00,1.3079603300295675
2009-04-21 00:00:00,1.3014189658334299
2009-04-22 00:00:00,1.3002333139202624
2009-04-23 00:00:00,1.3074709531511215
2009-04-24 00:00:00,1.3058571843283397
2009-04-27 00:00:00,1.3060562867986585
2009-04-28 00:00:00,1.2910729557682259
2009-04-29 00:00:00,1.2879424412548055
2009-05-04 00:00:00,1.2976790535215861
2009-05-05 00:00:00,1.2955839040175468
2009-05-06 00:00:00,1.3011725632737385
2009-05-07 00:00:00,1.2856074540283402
2009-05-08 00:00:00,1.2900568772715932
2009-05-11 00:00:00,1.2990567176996659
2009-05-12 00:00:00,1.3047730585210229
2009-05-13 00:00:00,1.3133274916015327
2009-05-14 00:00:00,1.314579169349797
2009-05-15 00:00:00,1.3163992197354701
2009-05-18 00:00:00,1.3012292712586833
2009-05-19 00:00:00,1.3013086961993543
2009-05-20 00:00:00,1.3135244719887096
2009-05-21 00:00:00,1.3058788591952557
2009-05-22 00:00:00,1.2997644434115918
2009-05-26 00:00:00,1.2887406767950065
2009-05-27 00:00:00,1.2758133312182187
2009-05-28 00:00:00,1.2877261617566826
2009-06-02 00:00:00,1.292645104652127
2009-06-03 00:00:00,1.2847398762777553
2009-06-04 00:00:00,1.2881343488558432
2009-06-05 00:00:00,1.2822844490688328
2009-06-08 00:00:00,1.2777918495832934
2009-06-09 00:00:00,1.2841187984932567
2009-06-10 00:00:00,1.2793939301872239
2009-06-11 00:00:00,1.2873793102429445
2009-06-12 00:00:00,1.2904113163913242
2009-06-15 00:00:00,1.2721548404816214
2009-06-16 00:00:00,1.262806234276038
2009-06-17 00:00:00,1.2606488344773983
2009-06-18 00:00:00,1.2599635986930886
2009-06-19 00:00:00,1.2648299542658921
2009-06-22 00:00:00,1.2430290512681641
2009-06-23 00:00:00,1.2444207825815312
2009-06-24 00:00:00,1.2451664131464668
2009-06-25 00:00:00,1.2695269771936024
2009-06-26 00:00:00,1.268352180804373
2009-06-29 00:00:00,1.2772963631299814
2009-07-02 00:00:00,1.2565050051472062
2009-07-06 00:00:00,1.2535948764614451
2009-07-07 00:00:00,1.238222290157986
2009-07-08 00:00:00,1.2422236834418117
2009-07-09 00:00:00,1.2412348404117117
2009-07-10 00:00:00,1.2419321834343249
2009-07-13 00:00:00,1.2590488983935979
2009-07-14 00:00:00,1.2619091626592003
2009-07-15 00:00:00,1.2813248060869913
2009-07-16 00:00:00,1.2922290066945636
2009-07-17 00:00:00,1.2897349778683307
2009-07-20 00:00:00,1.3010287427284346
2009-07-21 00:00:00,1.3097250290619666
2009-07-22 00:00:00,1.3075989002703758
2009-07-23 00:00:00,1.3242691365063914
2009-07-24 00:00:00,1.3281372152923356
2009-07-27 00:00:00,1.3301061867066952
2009-07-28 00:00:00,1.3287657224045477
2009-07-29 00:00:00,1.3245200008057465
2009-07-30 00:00:00,1.3359188799614625
2009-08-04 00:00:00,1.338024963130136
2009-08-05 00:00:00,1.333397335025073
2009-08-06 00:00:00,1.3271133462803322
2009-08-07 00:00:00,1.3367629073550757
2009-08-10 00:00:00,1.3375315963942447
2009-08-11 00:00:00,1.3289442837475911
2009-08-12 00:00:00,1.3374444845823161
2009-08-13 00:00:00,1.3487209255591952
2009-08-14 00:00:00,1.3419093093172827
2009-08-17 00:00:00,1.3217612031485819
2009-08-18 00:00:00,1.3293046810546516
2009-08-19 00:00:00,1.3386286353892014
2009-08-20 00:00:00,1.3481636407226194
2009-08-21 00:00:00,1.3603505938075271
2009-08-24 00:00:00,1.3642463602484336
2009-08-25 00:00:00,1.3671165290343996
2009-08-26 00:00:00,1.3671509663975423
2009-08-27 00:00:00,1.3689863306848156
2009-08-28 00:00:00,1.3694612837332012
2009-09-02 00:00:00,1.3682859501121691
2009-09-03 00:00:00,1.3748471076027009
2009-09-04 00:00:00,1.3838252978700809
2009-09-08 00:00:00,1.39216883215812
2009-09-09 00:00:00,1.4019497728236596
2009-09-10 00:00:00,1.4151627952695871
2009-09-11 00:00:00,1.4172724608124772
2009-09-14 00:00:00,1.4196518904032773
2009-09-15 00:00:00,1.4234090210922492
2009-09-16 00:00:00,1.4381467679978721
2009-09-17 00:00:00,1.4386520822903137
2009-09-18 00:00:00,1.4375342141118117
2009-09-21 00:00:00,1.4345178887048715
2009-09-22 00:00:00,1.4416053722901969
2009-09-23 00:00:00,1.4324237242547488
2009-09-24 00:00:00,1.4232675084403097
2009-09-25 00:00:00,1.4190802698309932
2009-09-28 00:00:00,1.4376636150536528
2009-09-29 00:00:00,1.4358768178374892
2009-10-02 00:00:00,1.4299653565899779
2009-10-05 00:00:00,1.4445560808518916
2009-10-06 00:00:00,1.4574658131585774
2009-10-07 00:00:00,1.4626663223081551
2009-10-08 00:00:00,1.4694096102487892
2009-10-09 00:00:00,1.4717743787489341
2009-10-12 00:00:00,1.4767063170034629
2009-10-13 00:00:00,1.4750188850083275
2009-10-14 00:00:00,1.4895824337172241
2009-10-15 00:00:00,1.4916053139449106
2009-10-16 00:00:00,1.4862510223039127
2009-10-19 00:00:00,1.4953061430320442
2009-10-20 00:00:00,1.4900557412655999
2009-10-21 00:00:00,1.4790748362960813
2009-10-22 00:00:00,1.4885356795383928
2009-10-23 00:00:00,1.4731898429048935
2009-10-26 00:00:00,1.4590282659177034
2009-10-27 00:00:00,1.4576766360034656
2009-10-28 00:00:00,1.4377248262122995
2009-10-29 00:00:00,1.4548986434041931
2009-11-03 00:00:00,1.4581748405049422
2009-11-04 00:00:00,1.4584254317684855
2009-11-05 00:00:00,1.4772869438395233
2009-11-06 00:00:00,1.4813409017949746
2009-11-09 00:00:00,1.5038502668507194
2009-11-10 00:00:00,1.5046583419401998
2009-11-11 00:00:00,1.5112461708618112
2009-11-12 00:00:00,1.4997972945285953
2009-11-13 00:00:00,1.5061888622188595
2009-11-16 00:00:00,1.5241159217759688
2009-11-17 00:00:00,1.5264232172760033
2009-11-18 00:00:00,1.5243978129076179
2009-11-19 00:00:00,1.5102260884475818
2009-11-20 00:00:00,1.5069770563629306
2009-11-23 00:00:00,1.5182401047541676
2009-11-24 00:00:00,1.5215517365750304
2009-11-25 00:00:00,1.5271769623332885
2009-11-27 00:00:00,1.5120499187805865
2009-12-02 00:00:00,1.51395631435429
2009-12-03 00:00:00,1.5026067479083693
2009-12-04 00:00:00,1.5063053619297808
2009-12-07 00:00:00,1.5063156692663673
2009-12-08 00:00:00,1.4975292823431401
2009-12-09 00:00:00,1.4998849877615297
2009-12-10 00:00:00,1.5032770133457498
2009-12-11 00:00:00,1.5058925259749196
2009-12-14 00:00:00,1.5134892985137205
2009-12-15 00:00:00,1.5075911819698049
2009-12-16 00:00:00,1.5101234394827385
2009-12-17 00:00:00,1.502991305056246
2009-12-18 00:00:00,1.5067755519221546
2009-12-21 00:00:00,1.5116325928437184
2009-12-22 00:00:00,1.5146818215754372
2009-12-23 00:00:00,1.5178140399488771
2009-12-24 00:00:00,1.5213411228067806
2009-12-28 00:00:00,1.5213905472359674
2009-12-29 00:00:00,1.5208918129620952
2009-12-30 00:00:00,1.521398211369779
2010-01-05 00:00:00,1.5275651104992374
2010-01-06 00:00:00,1.526835213669685
2010-01-07 00:00:00,1.5311988698439589
2010-01-08 00:00:00,1.5350478070201963
2010-01-11 00:00:00,1.5369397761266599
2010-01-12 00:00:00,1.5299322532904536
2010-01-13 00:00:00,1.5369863206104366
2010-01-14 00:00:00,1.5412533415707741
2010-01-15 00:00:00,1.5317978588547283
2010-01-19 00:00:00,1.5443328366041751
2010-01-20 00:00:00,1.5364654190117979
2010-01-21 00:00:00,1.5197433274984724
2010-01-22 00:00:00,1.4979821365277539
2010-01-25 00:00:00,1.50103354155691
2010-01-26 00:00:00,1.4977300497371731
2010-01-27 00:00:00,1.5012259020926193
2010-01-28 00:00:00,1.4895280018035373
2010-02-02 00:00:00,1.503291920226639
2010-02-03 00:00:00,1.4958766293106041
2010-02-04 00:00:00,1.4687078668137468
2010-02-05 00:00:00,1.4720639438910292
2010-02-08 00:00:00,1.4639281732301488
2010-02-09 00:00:00,1.4741520251031439
2010-02-10 00:00:00,1.4712288466068606
2010-02-11 00:00:00,1.4810451150600734
2010-02-12 00:00:00,1.482185136491464
2010-02-16 00:00:00,1.4998540467398624
2010-02-17 00:00:00,1.5028079251139754
2010-02-18 00:00:00,1.5068547144767346
2010-02-19 00:00:00,1.510759706302031
2010-02-22 00:00:00,1.5086636529120749
2010-02-23 00:00:00,1.5002313964910454
2010-02-24 00:00:00,1.5094045293107556
2010-02-25 00:00:00,1.5108187750115383
2010-03-02 00:00:00,1.5142861252916253
2010-03-03 00:00:00,1.5149415718051082
2010-03-04 00:00:00,1.5185038899325742
2010-03-05 00:00:00,1.5322175747262683
2010-03-08 00:00:00,1.531078870647304
2010-03-09 00:00:00,1.5344342344049198
2010-03-10 00:00:00,1.5391520932685276
2010-03-11 00:00:00,1.5426538449346321
2010-03-12 00:00:00,1.5434388426994259
2010-03-15 00:00:00,1.5430593353457427
2010-03-16 00:00:00,1.5535305529938706
2010-03-17 00:00:00,1.5607757761177781
2010-03-18 00:00:00,1.5583087963009239
2010-03-19 00:00:00,1.5506236813798879
2010-03-22 00:00:00,1.5597148391931841
2010-03-23 00:00:00,1.5662180662848193
2010-03-24 00:00:00,1.5550046705865035
2010-03-25 00:00:00,1.5512352160712721
2010-03-26 00:00:00,1.5521927668198989
2010-03-29 00:00:00,1.5577300248343182
2010-03-30 00:00:00,1.558842745855854
2010-04-05 00:00:00,1.564336941600553
2010-04-06 00:00:00,1.5686262049939659
2010-04-07 00:00:00,1.5664861245796664
2010-04-08 00:00:00,1.5683211005066646
2010-04-09 00:00:00,1.5759151680521979
2010-04-12 00:00:00,1.5797083304254851
2010-04-13 00:00:00,1.5818283065330525
2010-04-14 00:00:00,1.5933804502032969
2010-04-15 00:00:00,1.5955589749067689
2010-04-16 00:00:00,1.5820146843570628
2010-04-19 00:00:00,1.5835245863428391
2010-04-20 00:00:00,1.593760948650278
2010-04-21 00:00:00,1.5945420498509721
2010-04-22 00:00:00,1.5984554335062173
2010-04-23 00:00:00,1.6043979137114297
2010-04-26 00:00:00,1.6008943702275253
2010-04-27 00:00:00,1.579874603942764
2010-04-28 00:00:00,1.5840622557422843
2010-04-29 00:00:00,1.598812838409132
2010-05-04 00:00:00,1.57644635390055
2010-05-05 00:00:00,1.5700042947786175
2010-05-06 00:00:00,1.5412664292806348
2010-05-07 00:00:00,1.520990124212513
2010-05-10 00:00:00,1.5616560003038877
2010-05-11 00:00:00,1.5615560844174989
2010-05-12 00:00:00,1.5766291505442875
2010-05-13 00:00:00,1.5655561842710539
2010-05-14 00:00:00,1.5506228635745878
2010-05-17 00:00:00,1.5501488368362033
2010-05-18 00:00:00,1.5397188804855335
2010-05-19 00:00:00,1.5332215675253684
2010-05-20 00:00:00,1.5001578384302889
2010-05-21 00:00:00,1.5143072563299438
2010-05-24 00:00:00,1.5021363627503588
2010-05-25 00:00:00,1.5039857334301827
2010-05-26 00:00:00,1.4988446550568606
2010-05-27 00:00:00,1.5267449747545403
2010-06-02 00:00:00,1.5501686814870737
2010-06-03 00:00:00,1.5551985674735156
2010-06-04 00:00:00,1.5252171606879121
2010-06-07 00:00:00,1.5108598890758567
2010-06-08 00:00:00,1.5177754382546753
2010-06-09 00:00:00,1.5130864727697193
2010-06-10 00:00:00,1.5391745021420513
2010-06-11 00:00:00,1.5487461501770274
2010-06-14 00:00:00,1.5485314727720438
2010-06-15 00:00:00,1.5702841937171845
2010-06-16 00:00:00,1.5705115275022841
2010-06-17 00:00:00,1.5747080968051848
2010-06-18 00:00:00,1.5744386819879186
2010-06-21 00:00:00,1.5701285259686308
2010-06-22 00:00:00,1.5549925949091543
2010-06-23 00:00:00,1.5527239301831246
2010-06-24 00:00:00,1.5358916203998598
2010-06-25 00:00:00,1.5420580149594723
2010-06-28 00:00:00,1.5423485504689858
2010-06-29 00:00:00,1.5123417507469874
2010-07-02 00:00:00,1.5134485818996377
2010-07-06 00:00:00,1.510639646190598
2010-07-07 00:00:00,1.5083358346558675
2010-07-08 00:00:00,1.5021776600051906
2010-07-09 00:00:00,1.5023194960075459
2010-07-12 00:00:00,1.499131281745413
2010-07-13 00:00:00,1.4962769378915959
2010-07-14 00:00:00,1.5037202790548982
2010-07-15 00:00:00,1.510791647352407
2010-07-16 00:00:00,1.509646452666378
2010-07-19 00:00:00,1.5009584666371534
2010-07-20 00:00:00,1.5065436210859655
2010-07-21 00:00:00,1.5143127695881251
2010-07-22 00:00:00,1.5099545544775788
2010-07-23 00:00:00,1.4995336486304949
2010-07-26 00:00:00,1.4964432333287738
2010-07-27 00:00:00,1.481722976977297
2010-07-28 00:00:00,1.4863341529740357
2010-07-29 00:00:00,1.488969397236565
2010-08-03 00:00:00,1.4887328210926249
2010-08-04 00:00:00,1.4913774628162448
2010-08-05 00:00:00,1.488305241643672
2010-08-06 00:00:00,1.4958245436419235
2010-08-09 00:00:00,1.4974227277258558
2010-08-10 00:00:00,1.4953549056774433
2010-08-11 00:00:00,1.4881532205329686
2010-08-12 00:00:00,1.4869927088424164
2010-08-13 00:00:00,1.4933743233580026
2010-08-16 00:00:00,1.5092041362160005
2010-08-17 00:00:00,1.5173644260681345
2010-08-18 00:00:00,1.5214224819429201
2010-08-19 00:00:00,1.5177587843397293
2010-08-20 00:00:00,1.5143889896368168
2010-08-23 00:00:00,1.5112229896203249
2010-08-24 00:00:00,1.5204494901517827
2010-08-25 00:00:00,1.5298967884426495
2010-08-26 00:00:00,1.5304464451118718
2010-08-27 00:00:00,1.5235553447390631
2010-08-30 00:00:00,1.5291713451795563
2010-09-02 00:00:00,1.5237578920950223
2010-09-03 00:00:00,1.5124851662563292
2010-09-07 00:00:00,1.5308712086360912
2010-09-08 00:00:00,1.5254633812097631
2010-09-09 00:00:00,1.5065057221600899
2010-09-10 00:00:00,1.5032075555701416
2010-09-13 00:00:00,1.5079713177807514
2010-09-14 00:00:00,1.5249008041257262
2010-09-15 00:00:00,1.5152991964992075
2010-09-16 00:00:00,1.5120548104438831
2010-09-17 00:00:00,1.5147584256509528
2010-09-20 00:00:00,1.520787474409915
2010-09-21 00:00:00,1.5369237687968527
2010-09-22 00:00:00,1.543035067631729
2010-09-23 00:00:00,1.5451843752236498
2010-09-24 00:00:00,1.5371151861053947
2010-09-27 00:00:00,1.550565495649143
2010-09-28 00:00:00,1.5607411332770194
2010-09-29 00:00:00,1.55698702417822
2010-10-04 00:00:00,1.5496067716243329
2010-10-05 00:00:00,1.5710549653321855
2010-10-06 00:00:00,1.5734765479573063
2010-10-07 00:00:00,1.572538829157345
2010-10-08 00:00:00,1.5798747484165576
2010-10-11 00:00:00,1.5820627993078304
2010-10-12 00:00:00,1.5841080231350586
2010-10-13 00:00:00,1.5925302392773857
2010-10-14 00:00:00,1.5867011879197681
2010-10-15 00:00:00,1.5853987334342181
2010-10-18 00:00:00,1.5936627864615442
2010-10-19 00:00:00,1.5797319213525141
2010-10-20 00:00:00,1.5900643233575904
2010-10-21 00:00:00,1.5890821501888683
2010-10-22 00:00:00,1.5923757891010379
2010-10-25 00:00:00,1.5958199231027299
2010-10-26 00:00:00,1.5921634655113415
2010-10-27 00:00:00,1.5868958952298788
2010-10-28 00:00:00,1.5899175412067208
2010-11-02 00:00:00,1.5999955309217644
2010-11-03 00:00:00,1.6061990479515351
2010-11-04 00:00:00,1.6313430822140684
2010-11-05 00:00:00,1.6340335170995186
2010-11-08 00:00:00,1.6327293547548001
2010-11-09 00:00:00,1.6197176303457201
2010-11-10 00:00:00,1.6265192477736503
2010-11-11 00:00:00,1.6228100123866682
2010-11-12 00:00:00,1.6046896001471145
2010-11-15 00:00:00,1.5962705733663622
2010-11-16 00:00:00,1.5831914440234249
2010-11-17 00:00:00,1.5833054870700733
2010-11-18 00:00:00,1.5968625922662731
2010-11-19 00:00:00,1.6023788002973594
2010-11-22 00:00:00,1.6053125349913959
2010-11-23 00:00:00,1.5910873821975191
2010-11-24 00:00:00,1.6023909632938549
2010-11-26 00:00:00,1.5974865440168193
2010-11-29 00:00:00,1.5969715707209389
2010-12-02 00:00:00,1.6093420250372037
2010-12-03 00:00:00,1.6128310187634434
2010-12-06 00:00:00,1.6158171477644436
2010-12-07 00:00:00,1.6080332204567684
2010-12-08 00:00:00,1.6068200037906579
2010-12-09 00:00:00,1.611668369388606
2010-12-10 00:00:00,1.6143052275794161
2010-12-13 00:00:00,1.6163105522835552
2010-12-14 00:00:00,1.611210395830966
2010-12-15 00:00:00,1.6042217731151789
2010-12-16 00:00:00,1.6137748286752933
2010-12-17 00:00:00,1.6203455393168582
2010-12-20 00:00:00,1.6231754653775423
2010-12-21 00:00:00,1.6309712030057082
2010-12-22 00:00:00,1.633714284374151
2010-12-23 00:00:00,1.6302690067583279
2010-12-27 00:00:00,1.6329877505017469
2010-12-28 00:00:00,1.62860975631052
2010-12-29 00:00:00,1.6359894739056886
2010-12-30 00:00:00,1.6336686762225097
2011-01-04 00:00:00,1.6326925184492351
2011-01-05 00:00:00,1.6328905748692044
2011-01-06 00:00:00,1.6331047987573242
2011-01-07 00:00:00,1.6342325536876956
2011-01-10 00:00:00,1.6370143748452592
2011-01-11 00:00:00,1.6392231885571491
2011-01-12 00:00:00,1.6473977486653537
2011-01-13 00:00:00,1.6493469254726643
2011-01-14 00:00:00,1.6549645876615326
2011-01-18 00:00:00,1.6564028606309864
2011-01-19 00:00:00,1.6445522545303553
2011-01-20 00:00:00,1.6369864617805887
2011-01-21 00:00:00,1.6406925133305106
2011-01-24 00:00:00,1.6468638767576638
2011-01-25 00:00:00,1.6503332594728397
2011-01-26 00:00:00,1.6532922614733643
2011-01-27 00:00:00,1.6586411567771651
2011-01-28 00:00:00,1.6412655207761842
2011-02-02 00:00:00,1.63883011918878
2011-02-03 00:00:00,1.638060834663327
2011-02-04 00:00:00,1.637788939965328
2011-02-07 00:00:00,1.6449487659426942
2011-02-08 00:00:00,1.6466966410765147
2011-02-09 00:00:00,1.6468294725420789
2011-02-10 00:00:00,1.6464607145112111
2011-02-11 00:00:00,1.6560528261925462
2011-02-14 00:00:00,1.6591429019842741
2011-02-15 00:00:00,1.656965847775586
2011-02-16 00:00:00,1.6633970311853457
2011-02-17 00:00:00,1.6694803194359327
2011-02-18 00:00:00,1.6714063418183174
2011-02-22 00:00:00,1.6525872864469053
2011-02-23 00:00:00,1.6419988371689429
2011-02-24 00:00:00,1.6434243538404376
2011-02-25 00:00:00,1.6589971328287949
2011-03-02 00:00:00,1.6583641971927432
2011-03-03 00:00:00,1.67476277214252
2011-03-04 00:00:00,1.6712917695926575
2011-03-07 00:00:00,1.6597608062445148
2011-03-08 00:00:00,1.6684357476092251
2011-03-09 00:00:00,1.6698972591853871
2011-03-10 00:00:00,1.6532297468291577
2011-03-11 00:00:00,1.6591500229670875
2011-03-14 00:00:00,1.6536838313171616
2011-03-15 00:00:00,1.6442083736665987
2011-03-16 00:00:00,1.6301857752024942
2011-03-17 00:00:00,1.6406619753698404
2011-03-18 00:00:00,1.6452803146412751
2011-03-21 00:00:00,1.6594537045991706
2011-03-22 00:00:00,1.6560878674570911
2011-03-23 00:00:00,1.6581559650216782
2011-03-24 00:00:00,1.6656148584892951
2011-03-25 00:00:00,1.6683113057630607
2011-03-28 00:00:00,1.6657438862623333
2011-03-29 00:00:00,1.6723850856502169
2011-03-30 00:00:00,1.6826937051677626
2011-04-04 00:00:00,1.6849814524492748
2011-04-05 00:00:00,1.6828749802211287
2011-04-06 00:00:00,1.6833605068321589
2011-04-07 00:00:00,1.6801276659000399
2011-04-08 00:00:00,1.6737799165819163
2011-04-11 00:00:00,1.6703930956158615
2011-04-12 00:00:00,1.6642019972276261
2011-04-13 00:00:00,1.66703624056519
2011-04-14 00:00:00,1.6658165634385811
2011-04-15 00:00:00,1.6752084616150418
2011-04-18 00:00:00,1.6633303340006402
2011-04-19 00:00:00,1.6703859764291666
2011-04-20 00:00:00,1.6842698508286631
2011-04-21 00:00:00,1.6901580331072104
2011-04-25 00:00:00,1.6909306041728422
2011-04-26 00:00:00,1.7034397837975392
2011-04-27 00:00:00,1.7092794576096659
2011-04-28 00:00:00,1.7148360933111191
2011-05-03 00:00:00,1.7100852107328657
2011-05-04 00:00:00,1.7032353737057999
2011-05-05 00:00:00,1.6969353427523524
2011-05-06 00:00:00,1.7021719627815168
2011-05-09 00:00:00,1.7089346151966345
2011-05-10 00:00:00,1.7161462759052077
2011-05-11 00:00:00,1.7065394894925268
2011-05-12 00:00:00,1.7106964457566856
2011-05-13 00:00:00,1.702573683227488
2011-05-16 00:00:00,1.6961691589523673
2011-05-17 00:00:00,1.6968670506536336
2011-05-18 00:00:00,1.7041853164218856
2011-05-19 00:00:00,1.7077042261314745
2011-05-20 00:00:00,1.7006212306028183
2011-05-23 00:00:00,1.687135822537047
2011-05-24 00:00:00,1.6865839047254227
2011-05-25 00:00:00,1.6912271263749938
2011-05-26 00:00:00,1.7010192555072794
2011-05-27 00:00:00,1.7062138670339739
2011-06-02 00:00:00,1.7006986282129393
2011-06-03 00:00:00,1.6912866441219565
2011-06-06 00:00:00,1.678025574265777
2011-06-07 00:00:00,1.678542353919299
2011-06-08 00:00:00,1.6738409610909524
2011-06-09 00:00:00,1.6794195398434189
2011-06-10 00:00:00,1.6655718684098939
2011-06-13 00:00:00,1.6641135137922247
2011-06-14 00:00:00,1.6746348365521686
2011-06-15 00:00:00,1.6609987291073045
2011-06-16 00:00:00,1.6643310352189797
2011-06-17 00:00:00,1.6673879128562639
2011-06-20 00:00:00,1.6717592111587793
2011-06-21 00:00:00,1.6877530215645054
2011-06-22 00:00:00,1.6814098299869946
2011-06-23 00:00:00,1.6826636271626918
2011-06-24 00:00:00,1.6723284649761407
2011-06-27 00:00:00,1.6794752550034548
2011-06-28 00:00:00,1.6895501445879986
2011-06-29 00:00:00,1.696119006917959
2011-07-05 00:00:00,1.6995309000094323
2011-07-06 00:00:00,1.7028980773305908
2011-07-07 00:00:00,1.7128019986295693
2011-07-08 00:00:00,1.7106971833289917
2011-07-11 00:00:00,1.6941798571425202
2011-07-12 00:00:00,1.6900545721039673
2011-07-13 00:00:00,1.6952292763166692
2011-07-14 00:00:00,1.682439879213943
2011-07-15 00:00:00,1.6919238546484114
2011-07-18 00:00:00,1.6811872993481802
2011-07-19 00:00:00,1.7019333935202801
2011-07-20 00:00:00,1.6985828291565446
2011-07-21 00:00:00,1.7089663173471199
2011-07-22 00:00:00,1.7131669825198568
2011-07-25 00:00:00,1.7040688731847271
2011-07-26 00:00:00,1.7017191698983603
2011-07-27 00:00:00,1.6759823576967718
2011-07-28 00:00:00,1.6733553943600963
2011-08-02 00:00:00,1.7085745900421643
2011-08-03 00:00:00,1.7101818321254278
2011-08-04 00:00:00,1.7352920257454574
2011-08-05 00:00:00,1.7153553184251267
2011-08-08 00:00:00,1.7609441839230842
2011-08-09 00:00:00,1.7717307799203497
2011-08-10 00:00:00,1.8183730665745208
2011-08-11 00:00:00,1.7652600337827733
2011-08-12 00:00:00,1.7780452595604519
2011-08-15 00:00:00,1.7765291359198812
2011-08-16 00:00:00,1.7963982554783697
2011-08-17 00:00:00,1.8127507936109677
2011-08-18 00:00:00,1.8400200882752473
2011-08-19 00:00:00,1.8533986457743519
2011-08-22 00:00:00,1.8670143887661528
2011-08-23 00:00:00,1.831640599002895
2011-08-24 00:00:00,1.7865876924062953
2011-08-25 00:00:00,1.7991056543763955
2011-08-26 00:00:00,1.8253176242886053
2011-08-29 00:00:00,1.8002988115460186
2011-08-30 00:00:00,1.8323960637521097
2011-09-02 00:00:00,1.8763938224697496
2011-09-06 00:00:00,1.8827874480234861
2011-09-07 00:00:00,1.8470896272079931
2011-09-08 00:00:00,1.8721482501843614
2011-09-09 00:00:00,1.8781191332373421
2011-09-12 00:00:00,1.8628286995054701
2011-09-13 00:00:00,1.8583944399582251
2011-09-14 00:00:00,1.8596310979819286
2011-09-15 00:00:00,1.8354693673633422
2011-09-16 00:00:00,1.8462648795760239
2011-09-19 00:00:00,1.8540367087687397
2011-09-20 00:00:00,1.8665203283390743
2011-09-21 00:00:00,1.8829059112914721
2011-09-22 00:00:00,1.8988834224597955
2011-09-23 00:00:00,1.8483679533837456
2011-09-26 00:00:00,1.8270356186407557
2011-09-27 00:00:00,1.8236683021140712
2011-09-28 00:00:00,1.8077958988619656
2011-09-29 00:00:00,1.8178312130430847
2011-10-04 00:00:00,1.7950021922649448
2011-10-05 00:00:00,1.7949407060278382
2011-10-06 00:00:00,1.7835777920702061
2011-10-07 00:00:00,1.7716615711855093
2011-10-10 00:00:00,1.7722680954625334
2011-10-11 00:00:00,1.7678099501687181
2011-10-12 00:00:00,1.7616345268598126
2011-10-13 00:00:00,1.7665625635743087
2011-10-14 00:00:00,1.7596012418632034
2011-10-17 00:00:00,1.7696450363777656
2011-10-18 00:00:00,1.7632958859420242
2011-10-19 00:00:00,1.755714191020455
2011-10-20 00:00:00,1.7429980714037918
2011-10-21 00:00:00,1.7423941817576385
2011-10-24 00:00:00,1.7486599649631762
2011-10-25 00:00:00,1.7854665676633272
2011-10-26 00:00:00,1.7775264139080151
2011-10-27 00:00:00,1.7594082114720826
2011-10-28 00:00:00,1.7692625886013815
2011-11-02 00:00:00,1.7668345807147872
2011-11-03 00:00:00,1.7651476938032933
2011-11-04 00:00:00,1.7651596953664146
2011-11-07 00:00:00,1.7835538063813097
2011-11-08 00:00:00,1.768890185870388
2011-11-09 00:00:00,1.7806698447288856
2011-11-10 00:00:00,1.7659423943391139
2011-11-11 00:00:00,1.7692846104466806
2011-11-14 00:00:00,1.7792576034857832
2011-11-15 00:00:00,1.7787776809465772
2011-11-16 00:00:00,1.7791867271653505
2011-11-17 00:00:00,1.7695431062830504
2011-11-18 00:00:00,1.7696350532041776
2011-11-21 00:00:00,1.7603723890173097
2011-11-22 00:00:00,1.7747912184426047
2011-11-23 00:00:00,1.7812805896422579
2011-11-25 00:00:00,1.763407124180874
2011-11-28 00:00:00,1.7744597618546523
2011-11-29 00:00:00,1.7691322812820283
2011-12-02 00:00:00,1.7803513602999299
2011-12-05 00:00:00,1.7701763181454466
2011-12-06 00:00:00,1.7660696997983656
2011-12-07 00:00:00,1.7746311112589257
2011-12-08 00:00:00,1.773635853307105
2011-12-09 00:00:00,1.7582197928478605
2011-12-12 00:00:00,1.7519183190650169
2011-12-13 00:00:00,1.7480309434977483
2011-12-14 00:00:00,1.7418043738013052
2011-12-15 00:00:00,1.7376211261676191
2011-12-16 00:00:00,1.7577265085275406
2011-12-19 00:00:00,1.7665509966721844
2011-12-20 00:00:00,1.7527445919850508
2011-12-21 00:00:00,1.7423118062299545
2011-12-22 00:00:00,1.7417963086240291
2011-12-23 00:00:00,1.7336697014025144
2011-12-27 00:00:00,1.7320209417873074
2011-12-28 00:00:00,1.733691589545908
2011-12-29 00:00:00,1.7327904755474188
2012-01-04 00:00:00,1.7315254317726627
2012-01-05 00:00:00,1.7367542710113779
2012-01-06 00:00:00,1.736406270168487
2012-01-09 00:00:00,1.7390773502572561
2012-01-10 00:00:00,1.7494540570437807
2012-01-11 00:00:00,1.7549893897247366
2012-01-12 00:00:00,1.7565399760991762
2012-01-13 00:00:00,1.7536654452279425
2012-01-17 00:00:00,1.7569158456847327
2012-01-18 00:00:00,1.7691703859882628
2012-01-19 00:00:00,1.7730219806397112
2012-01-20 00:00:00,1.7714042583745815
2012-01-23 00:00:00,1.7705231222118027
2012-01-24 00:00:00,1.7709636902931918
2012-01-25 00:00:00,1.7847018782227038
2012-01-26 00:00:00,1.7815498427782073
2012-01-27 00:00:00,1.7842198027406631
2012-01-30 00:00:00,1.7814527950344574
2012-02-02 00:00:00,1.7842879828483742
2012-02-03 00:00:00,1.7973074935750608
2012-02-06 00:00:00,1.7982031865242829
2012-02-07 00:00:00,1.7972695864395338
2012-02-08 00:00:00,1.8000665021248716
2012-02-09 00:00:00,1.8007132437418045
2012-02-10 00:00:00,1.7944976988491792
2012-02-13 00:00:00,1.8032343550346108
2012-02-14 00:00:00,1.8027092343167386
2012-02-15 00:00:00,1.7979152330773109
2012-02-16 00:00:00,1.8097822000300068
2012-02-17 00:00:00,1.8107616067427621
2012-02-21 00:00:00,1.808093116469808
2012-02-22 00:00:00,1.8066333006880309
2012-02-23 00:00:00,1.8143072013902262
2012-02-24 00:00:00,1.816502452100534
2012-02-27 00:00:00,1.8193565934822149
2012-02-28 00:00:00,1.8232287786982815
2012-03-02 00:00:00,1.8196649054509701
2012-03-05 00:00:00,1.8129964995401286
2012-03-06 00:00:00,1.7961249129696542
2012-03-07 00:00:00,1.8051800885805318
2012-03-08 00:00:00,1.8157594712567449
2012-03-09 00:00:00,1.8212895716183386
2012-03-12 00:00:00,1.8202274764223576
2012-03-13 00:00:00,1.8383149645381329
2012-03-14 00:00:00,1.8289300059440281
2012-03-15 00:00:00,1.835818036236557
2012-03-16 00:00:00,1.8375826523253793
2012-03-19 00:00:00,1.838541517133754
2012-03-20 00:00:00,1.8345993634056825
2012-03-21 00:00:00,1.8361651397546179
2012-03-22 00:00:00,1.8270462245755528
2012-03-23 00:00:00,1.8341975269975488
2012-03-26 00:00:00,1.8506194724837495
2012-03-27 00:00:00,1.849892702842141
2012-03-28 00:00:00,1.8426367843897524
2012-03-29 00:00:00,1.8428425523435723
2012-04-03 00:00:00,1.8342967103975414
2012-04-04 00:00:00,1.8237224433160137
2012-04-05 00:00:00,1.8255950217658514
2012-04-09 00:00:00,1.8177264020137918
2012-04-10 00:00:00,1.7983128649082163
2012-04-11 00:00:00,1.8055743909022755
2012-04-12 00:00:00,1.8221293838804682
2012-04-13 00:00:00,1.8113587949093468
2012-04-16 00:00:00,1.8099643040802231
2012-04-17 00:00:00,1.827300931558131
2012-04-18 00:00:00,1.8243627061606298
2012-04-19 00:00:00,1.8181675302851508
2012-04-20 00:00:00,1.8199597242939531
2012-04-23 00:00:00,1.8110226449105664
2012-04-24 00:00:00,1.8131886514384208
2012-04-25 00:00:00,1.8301181601065812
2012-04-26 00:00:00,1.840843780440111
2012-04-27 00:00:00,1.8443955653379371
2012-05-02 00:00:00,1.8427931553524681
2012-05-03 00:00:00,1.8320747683496921
2012-05-04 00:00:00,1.8142520313718675
2012-05-07 00:00:00,1.8149466990105507
2012-05-08 00:00:00,1.8118356217365008
2012-05-09 00:00:00,1.8053832905429228
2012-05-10 00:00:00,1.8074587636875303
2012-05-11 00:00:00,1.8063422115183636
2012-05-14 00:00:00,1.7956323966815204
2012-05-15 00:00:00,1.7895210019787022
2012-05-16 00:00:00,1.7844068698283262
2012-05-17 00:00:00,1.7668142671014888
2012-05-18 00:00:00,1.7567862828516743
2012-05-21 00:00:00,1.7761432764324079
2012-05-22 00:00:00,1.7751204245656385
2012-05-23 00:00:00,1.7787131371647598
2012-05-24 00:00:00,1.7796123497401029
2012-05-25 00:00:00,1.7787813329418101
2012-05-29 00:00:00,1.7921079222539396
2012-05-30 00:00:00,1.7796678780434605
2012-06-04 00:00:00,1.7751196615151468
2012-06-05 00:00:00,1.7822819919108226
2012-06-06 00:00:00,1.8062646290806195
2012-06-07 00:00:00,1.80621878173184
2012-06-08 00:00:00,1.8173788310076775
2012-06-11 00:00:00,1.8017120601753991
2012-06-12 00:00:00,1.8117420000480484
2012-06-13 00:00:00,1.805928472990058
2012-06-14 00:00:00,1.8169519859480845
2012-06-15 00:00:00,1.8322954844190527
2012-06-18 00:00:00,1.835713591544178
2012-06-19 00:00:00,1.8468512200098901
2012-06-20 00:00:00,1.8434593832075334
2012-06-21 00:00:00,1.8162611024694773
2012-06-22 00:00:00,1.8235571253988492
2012-06-25 00:00:00,1.8065248179869893
2012-06-26 00:00:00,1.8111389617543583
2012-06-27 00:00:00,1.8236707380422705
2012-06-28 00:00:00,1.8231393145558654
2012-07-03 00:00:00,1.8315458661701727
2012-07-05 00:00:00,1.8282291365395091
2012-07-06 00:00:00,1.8187953051875885
2012-07-09 00:00:00,1.8176109022406159
2012-07-10 00:00:00,1.8070575575694303
2012-07-11 00:00:00,1.8055971228427374
2012-07-12 00:00:00,1.8024069948826276
2012-07-13 00:00:00,1.8203723907269771
2012-07-16 00:00:00,1.8189020051424272
2012-07-17 00:00:00,1.8252967274358356
2012-07-18 00:00:00,1.8346328898635778
2012-07-19 00:00:00,1.8356723782167137
2012-07-20 00:00:00,1.8270576111732935
2012-07-23 00:00:00,1.8145824130051948
2012-07-24 00:00:00,1.8051219066645647
2012-07-25 00:00:00,1.805642779719965
2012-07-26 00:00:00,1.8216451807055059
2012-07-27 00:00:00,1.8412297232783383
2012-07-30 00:00:00,1.8419305479817114
2012-08-02 00:00:00,1.8349466284841653
2012-08-03 00:00:00,1.8564526806739838
2012-08-06 00:00:00,1.8600797681650751
2012-08-07 00:00:00,1.8643865855911304
2012-08-08 00:00:00,1.8651370903369049
2012-08-09 00:00:00,1.865752349969199
2012-08-10 00:00:00,1.869862721604336
2012-08-13 00:00:00,1.868385538458714
2012-08-14 00:00:00,1.8650392195549326
2012-08-15 00:00:00,1.864860295601801
2012-08-16 00:00:00,1.8730408643999827
2012-08-17 00:00:00,1.8762960865145826
2012-08-20 00:00:00,1.8764616972244581
2012-08-21 00:00:00,1.8742914709006173
2012-08-22 00:00:00,1.8773334296134849
2012-08-23 00:00:00,1.8689297885378728
2012-08-24 00:00:00,1.875808828518331
2012-08-27 00:00:00,1.8772385937144207
2012-08-28 00:00:00,1.8772892812891862
2012-08-29 00:00:00,1.8784994785754026
2012-08-30 00:00:00,1.8700958374997905
2012-09-05 00:00:00,1.8698625202810513
2012-09-06 00:00:00,1.8904931981174944
2012-09-07 00:00:00,1.8974878587216999
2012-09-10 00:00:00,1.8901893291148213
2012-09-11 00:00:00,1.8916704788805327
2012-09-12 00:00:00,1.8941093424796986
2012-09-13 00:00:00,1.91492291980798
2012-09-14 00:00:00,1.9162089476026052
2012-09-17 00:00:00,1.91196187555821
2012-09-18 00:00:00,1.9112420623732129
2012-09-19 00:00:00,1.9137593893340963
2012-09-20 00:00:00,1.9125207236465609
2012-09-21 00:00:00,1.9141569997975481
2012-09-24 00:00:00,1.9125561358026544
2012-09-25 00:00:00,1.9015922993883227
2012-09-26 00:00:00,1.8956860340443493
2012-09-27 00:00:00,1.9071119214664416
2012-10-02 00:00:00,1.9086232446542273
2012-10-03 00:00:00,1.9140081220406948
2012-10-04 00:00:00,1.9210891786201145
2012-10-05 00:00:00,1.9178853792580937
2012-10-08 00:00:00,1.9148250800638842
2012-10-09 00:00:00,1.9007855597636392
2012-10-10 00:00:00,1.8947371538551683
2012-10-11 00:00:00,1.8972590406819081
2012-10-12 00:00:00,1.8918866159247554
2012-10-15 00:00:00,1.9024030252312929
2012-10-16 00:00:00,1.9123971778183926
2012-10-17 00:00:00,1.9145471242695524
2012-10-18 00:00:00,1.9107893467534189
2012-10-19 00:00:00,1.8911517797148873
2012-10-22 00:00:00,1.8890712075170406
2012-10-23 00:00:00,1.8760982876876651
2012-10-24 00:00:00,1.8712860673992819
2012-10-25 00:00:00,1.8724721475714174
2012-10-26 00:00:00,1.8750531843874012
2012-11-02 00:00:00,1.8627393408008497
2012-11-05 00:00:00,1.8680894503215248
2012-11-06 00:00:00,1.8745756029543716
2012-11-07 00:00:00,1.851874027842183
2012-11-08 00:00:00,1.8390805252435791
2012-11-09 00:00:00,1.8403544083624204
2012-11-12 00:00:00,1.8414610381904726
2012-11-13 00:00:00,1.8376551751627452
2012-11-14 00:00:00,1.8208222536646819
2012-11-15 00:00:00,1.8175770588720106
2012-11-16 00:00:00,1.8244114268362086
2012-11-19 00:00:00,1.8478209819874001
2012-11-20 00:00:00,1.8465586482448593
2012-11-21 00:00:00,1.8485667674210637
2012-11-23 00:00:00,1.8641815568972162
2012-11-26 00:00:00,1.8636797970248493
2012-11-27 00:00:00,1.8585569288443884
2012-11-28 00:00:00,1.8692750117935579
2012-11-29 00:00:00,1.8770392844977413
2012-12-04 00:00:00,1.8765688669923235
2012-12-05 00:00:00,1.8793732821864138
2012-12-06 00:00:00,1.8837563666940271
2012-12-07 00:00:00,1.8856314184821317
2012-12-10 00:00:00,1.8876173461091308
2012-12-11 00:00:00,1.8944594230425882
2012-12-12 00:00:00,1.8923617371455526
2012-12-13 00:00:00,1.8837722504545886
2012-12-14 00:00:00,1.8799108298239149
2012-12-17 00:00:00,1.8922526261689427
2012-12-18 00:00:00,1.9047092692930057
2012-12-19 00:00:00,1.8976927161131405
2012-12-20 00:00:00,1.9051152039597674
2012-12-21 00:00:00,1.8957584760732338
2012-12-24 00:00:00,1.8909085037847715
2012-12-26 00:00:00,1.8860536781250266
2012-12-27 00:00:00,1.8862259482935788
2012-12-28 00:00:00,1.8740056169611525
2013-01-03 00:00:00,1.8689732370801924
2013-01-04 00:00:00,1.8756450190013993
2013-01-07 00:00:00,1.8726428950751355
2013-01-08 00:00:00,1.8707619408296532
2013-01-09 00:00:00,1.8749755985491765
2013-01-10 00:00:00,1.8817635832818076
2013-01-11 00:00:00,1.8838786868660164
2013-01-14 00:00:00,1.8823001801398793
2013-01-15 00:00:00,1.8861837365914011
2013-01-16 00:00:00,1.8860030083664452
2013-01-17 00:00:00,1.8918376322937778
2013-01-18 00:00:00,1.8971318865959528
2013-01-22 00:00:00,1.9042075131149141
2013-01-23 00:00:00,1.9060128376471017
2013-01-24 00:00:00,1.9064609567762383
2013-01-25 00:00:00,1.9095461132823039
2013-01-28 00:00:00,1.9070732546814362
2013-01-29 00:00:00,1.9103243336794427
2013-01-30 00:00:00,1.9056441209983448
2013-02-04 00:00:00,1.8960323376242847
2013-02-05 00:00:00,1.9055611937377883
2013-02-06 00:00:00,1.9098058060043781
2013-02-07 00:00:00,1.9078079143341919
2013-02-08 00:00:00,1.9160201646457866
2013-02-11 00:00:00,1.9146946485242389
2013-02-12 00:00:00,1.9161638140846242
2013-02-13 00:00:00,1.9157254169294713
2013-02-14 00:00:00,1.9201018453532621
2013-02-15 00:00:00,1.918015086209427
2013-02-19 00:00:00,1.9258600333447882
2013-02-20 00:00:00,1.9101597672734274
2013-02-21 00:00:00,1.9028864949314186
2013-02-22 00:00:00,1.9158409682174899
2013-02-25 00:00:00,1.8972512599220026
2013-02-26 00:00:00,1.9040920753219519
2013-02-27 00:00:00,1.9192414102012367
2013-03-04 00:00:00,1.9235021563600037
2013-03-05 00:00:00,1.9358499652094405
2013-03-06 00:00:00,1.9357822896204417
2013-03-07 00:00:00,1.936281872860766
2013-03-08 00:00:00,1.9395182327834968
2013-03-11 00:00:00,1.9436062158817338
2013-03-12 00:00:00,1.9430440010034888
2013-03-13 00:00:00,1.9449730802070442
2013-03-14 00:00:00,1.9523989366115098
2013-03-15 00:00:00,1.9532455158359381
2013-03-18 00:00:00,1.9481038266019959
2013-03-19 00:00:00,1.9464646817519491
2013-03-20 00:00:00,1.9538804502542593
2013-03-21 00:00:00,1.9448599007526484
2013-03-22 00:00:00,1.9531692222078283
2013-03-25 00:00:00,1.9492039804098944
2013-03-26 00:00:00,1.9597454513560792
2013-03-27 00:00:00,1.9634384126292765
2013-04-02 00:00:00,1.966070439741632
2013-04-03 00:00:00,1.9546210816437903
2013-04-04 00:00:00,1.9627487470976492
2013-04-05 00:00:00,1.9604238032014341
2013-04-08 00:00:00,1.9661170242922932
2013-04-09 00:00:00,1.9701184765577047
2013-04-10 00:00:00,1.9844054763363368
2013-04-11 00:00:00,1.9902039142571375
2013-04-12 00:00:00,1.9890850818593615
2013-04-15 00:00:00,1.9582204075006213
2013-04-16 00:00:00,1.9754275089692603
2013-04-17 00:00:00,1.9570560614613948
2013-04-18 00:00:00,1.9492582360444015
2013-04-19 00:00:00,1.9613022164814293
2013-04-22 00:00:00,1.9670594243976227
2013-04-23 00:00:00,1.980838545483127
2013-04-24 00:00:00,1.9831048571000622
2013-04-25 00:00:00,1.9877584930747305
2013-04-26 00:00:00,1.9876998607954492
2013-04-29 00:00:00,1.9959469326262902
2013-05-02 00:00:00,2.0097392608872813
2013-05-03 00:00:00,2.0167377209656476
2013-05-06 00:00:00,2.0211329944629521
2013-05-07 00:00:00,2.02776563599476
2013-05-08 00:00:00,2.0349668104233456
2013-05-09 00:00:00,2.0302466609850254
2013-05-10 00:00:00,2.0324151049291346
2013-05-13 00:00:00,2.0315777801930142
2013-05-14 00:00:00,2.0432244978860639
2013-05-15 00:00:00,2.0510175836814564
2013-05-16 00:00:00,2.0483998006981237
2013-05-17 00:00:00,2.0591262182562478
2013-05-20 00:00:00,2.058471197133561
2013-05-21 00:00:00,2.0624878120955867
2013-05-22 00:00:00,2.0433776086949531
2013-05-23 00:00:00,2.0414253853156152
2013-05-24 00:00:00,2.039864660460275
2013-05-28 00:00:00,2.0412261837924977
2013-05-29 00:00:00,2.0343411032371712
2013-05-30 00:00:00,2.0401492600215789
2013-06-04 00:00:00,2.0319380468207151
2013-06-05 00:00:00,2.0160248986329514
2013-06-06 00:00:00,2.0294658287606056
2013-06-07 00:00:00,2.0408495493278127
2013-06-10 00:00:00,2.0396482283863966
2013-06-11 00:00:00,2.0276054976061824
2013-06-12 00:00:00,2.0130905718655185
2013-06-13 00:00:00,2.0388217918344407
2013-06-14 00:00:00,2.0321384594747882
2013-06-17 00:00:00,2.0398851847033028
2013-06-18 00:00:00,2.0498978018247791
2013-06-19 00:00:00,2.0231173490788508
2013-06-20 00:00:00,1.9863136533676391
2013-06-21 00:00:00,1.9827026220472936
2013-06-24 00:00:00,1.9641227566584221
2013-06-25 00:00:00,1.976427206591546
2013-06-26 00:00:00,1.9913606519802614
2013-06-27 00:00:00,2.0047791754372777
2013-07-02 00:00:00,2.0035980021491211
2013-07-03 00:00:00,2.0042783961536044
2013-07-05 00:00:00,2.0072902011687423
2013-07-08 00:00:00,2.018366735414276
2013-07-09 00:00:00,2.0290992724510253
2013-07-10 00:00:00,2.0273843428802714
2013-07-11 00:00:00,2.053875990976552
2013-07-12 00:00:00,2.054635027271805
2013-07-15 00:00:00,2.0620203989176833
2013-07-16 00:00:00,2.0560947462775463
2013-07-17 00:00:00,2.0634638806772871
2013-07-18 00:00:00,2.0682438809681094
2013-07-19 00:00:00,2.0739280163494538
2013-07-22 00:00:00,2.0769088543922689
2013-07-23 00:00:00,2.0735581400481804
2013-07-24 00:00:00,2.0634958526629124
2013-07-25 00:00:00,2.0696082179302953
2013-07-26 00:00:00,2.0703576123791954
2013-07-29 00:00:00,2.0641732002208282
2013-07-30 00:00:00,2.0654198250001845
2013-08-02 00:00:00,2.0719152592928136
2013-08-05 00:00:00,2.0698853811124245
2013-08-06 00:00:00,2.0610692650269264
2013-08-07 00:00:00,2.0581524423855773
2013-08-08 00:00:00,2.06477609502033
2013-08-09 00:00:00,2.0618323959753977
2013-08-12 00:00:00,2.0595333063333987
2013-08-13 00:00:00,2.0562053996878737
2013-08-14 00:00:00,2.0496654619588859
2013-08-15 00:00:00,2.0256215104010251
2013-08-16 00:00:00,2.0186030739460148
2013-08-19 00:00:00,2.006645427193916
2013-08-20 00:00:00,2.0190432406257104
2013-08-21 00:00:00,2.0069639866330586
2013-08-22 00:00:00,2.0185114288040618
2013-08-23 00:00:00,2.0279351413807847
2013-08-26 00:00:00,2.0258792662198917
2013-08-27 00:00:00,2.0059752605220194
2013-08-28 00:00:00,2.0079967687546798
2013-08-29 00:00:00,2.0122570027206019
