,momvol
7/3/1995,1.003733
7/5/1995,1.00372
7/6/1995,1.012828
7/7/1995,1.004503
7/10/1995,1.00056
7/11/1995,0.995239
7/12/1995,1.01238
7/13/1995,0.997777
7/14/1995,0.999164
7/17/1995,1.005576
7/18/1995,0.991406
7/19/1995,0.989094
7/20/1995,1.003675
7/21/1995,0.998873
7/24/1995,1.007332
7/25/1995,1.007559
7/26/1995,0.999166
7/27/1995,1.008343
7/28/1995,0.993657
8/1/1995,0.998331
8/2/1995,0.99777
8/3/1995,0.999721
8/4/1995,1.001118
8/7/1995,1.002233
8/8/1995,1
8/9/1995,0.999722
8/10/1995,0.997772
8/11/1995,0.994417
8/14/1995,1.008984
8/15/1995,0.998052
8/16/1995,1.002788
8/17/1995,0.998332
8/18/1995,1.001114
8/21/1995,0.997218
8/22/1995,1.001953
8/23/1995,0.996381
8/24/1995,1.001118
8/25/1995,1.005582
8/28/1995,0.996392
8/29/1995,1.002507
8/30/1995,1.002223
9/1/1995,1.004432
9/5/1995,1.009377
9/6/1995,1.001913
9/7/1995,1.000545
9/8/1995,1.003816
9/11/1995,1.002715
9/12/1995,1.004603
9/13/1995,1.004582
9/14/1995,1.009123
9/15/1995,0.99973
9/18/1995,0.996257
9/19/1995,1.004831
9/20/1995,1.004808
9/21/1995,0.99176
9/22/1995,1.000268
9/25/1995,0.998392
9/26/1995,0.999732
9/27/1995,0.999195
9/28/1995,1.007523
10/2/1995,0.994924
10/3/1995,1.001074
10/4/1995,0.998927
10/5/1995,1.002954
10/6/1995,1.000803
10/9/1995,0.991707
10/10/1995,0.99946
10/11/1995,1.003239
10/12/1995,1.006188
10/13/1995,1.003209
10/16/1995,0.995203
10/17/1995,1.006695
10/18/1995,1.002926
10/19/1995,1.004775
10/20/1995,0.993928
10/23/1995,0.997875
10/24/1995,1.001065
10/25/1995,0.991758
10/26/1995,0.990885
10/27/1995,1.007576
10/30/1995,1.006445
11/1/1995,1.008039
11/2/1995,1.00638
11/3/1995,1.001321
11/6/1995,0.996571
11/7/1995,0.996294
11/8/1995,1.009033
11/9/1995,1.003686
11/10/1995,0.999475
11/13/1995,0.99895
11/14/1995,0.993431
11/15/1995,1.01005
11/16/1995,1.005499
11/17/1995,1.003125
11/20/1995,0.994808
11/21/1995,1.00809
11/22/1995,0.996894
11/24/1995,1.002597
11/27/1995,1.000259
11/28/1995,1.010616
11/29/1995,1.001025
12/1/1995,1.001283
12/4/1995,1.012298
12/5/1995,1.006581
12/6/1995,1.002263
12/7/1995,0.994732
12/8/1995,1.003279
12/11/1995,1.004274
12/12/1995,0.996996
12/13/1995,1.006277
12/14/1995,0.992764
12/15/1995,1.000364
12/18/1995,0.980789
12/19/1995,1.010567
12/20/1995,0.990309
12/21/1995,1.005151
12/22/1995,1.003587
12/26/1995,1.004851
12/27/1995,0.999492
12/28/1995,0.998983
1/2/1996,1.010673
1/3/1996,1.002766
1/4/1996,0.990471
1/5/1996,0.997975
1/8/1996,1.003805
1/9/1996,0.982815
1/10/1996,0.986886
1/11/1996,1.005993
1/12/1996,0.998446
1/15/1996,0.997925
1/16/1996,1.012217
1/17/1996,0.996918
1/18/1996,1.003349
1/19/1996,1.006675
1/22/1996,1.000255
1/23/1996,1.002295
1/24/1996,1.00814
1/25/1996,0.996467
1/26/1996,1.00861
1/29/1996,1.004017
1/30/1996,1.008502
2/1/1996,1.003681
2/2/1996,0.995844
2/5/1996,1.008102
2/6/1996,1.009498
2/7/1996,1.00579
2/8/1996,1.010794
2/9/1996,0.999763
2/12/1996,1.007596
2/13/1996,0.99788
2/14/1996,0.991265
2/15/1996,0.993808
2/16/1996,0.995926
2/20/1996,0.990135
2/21/1996,1.012394
2/22/1996,1.015843
2/23/1996,0.997164
2/26/1996,0.985782
2/27/1996,0.996875
2/28/1996,0.995418
3/1/1996,1.0159
3/4/1996,1.005779
3/5/1996,1.009337
3/6/1996,0.991224
3/7/1996,1.005025
3/8/1996,0.967619
3/11/1996,1.011565
3/12/1996,0.992216
3/13/1996,1.006864
3/14/1996,1.004383
3/15/1996,0.999338
3/18/1996,1.01925
3/19/1996,0.997848
3/20/1996,0.998802
3/21/1996,0.997601
3/22/1996,1.002645
3/25/1996,0.998082
3/26/1996,1.004805
3/27/1996,0.990913
3/28/1996,1.003861
4/1/1996,1.005722615
4/2/1996,1.004960411
4/3/1996,0.996007649
4/4/1996,1.001648866
4/8/1996,0.983483491
4/9/1996,1.006214255
4/10/1996,0.987233849
4/11/1996,0.99939491
4/12/1996,1.008225625
4/15/1996,1.006116157
4/16/1996,1.00143243
4/17/1996,0.996790574
4/18/1996,1.002741184
4/19/1996,1.007247702
4/22/1996,1.019819712
4/23/1996,0.997579192
4/24/1996,1.004162851
4/25/1996,1.000240545
4/26/1996,1.003003944
4/29/1996,0.996089625
5/1/1996,1.001114101
5/2/1996,0.985606542
5/3/1996,0.999247214
5/6/1996,0.997638879
5/7/1996,0.997861156
5/8/1996,1.008297946
5/9/1996,0.997772671
5/10/1996,1.001426212
5/13/1996,1.000470547
5/14/1996,1.006957728
5/15/1996,1.003058548
5/16/1996,1.002949033
5/17/1996,0.999182721
5/20/1996,1.001753764
5/21/1996,0.997432428
5/22/1996,1.003239386
5/23/1996,0.994128797
5/24/1996,1.000271838
5/28/1996,0.994544539
5/29/1996,0.996384442
5/30/1996,1.00460546
6/3/1996,0.993487109
6/4/1996,1.007535143
6/5/1996,1.002481178
6/6/1996,0.996253673
6/7/1996,0.996037081
6/10/1996,0.998348043
6/11/1996,1.001519871
6/12/1996,1.005024641
6/13/1996,1.001979545
6/14/1996,0.999866381
6/17/1996,0.997672777
6/18/1996,1.001829776
6/19/1996,1.004204854
6/20/1996,1.001618731
6/21/1996,1.008181662
6/24/1996,0.993131959
6/25/1996,0.997451898
6/26/1996,0.998565451
6/27/1996,1.003525372
7/1/1996,1.002932952
7/2/1996,0.99263618
7/3/1996,0.99884813
7/5/1996,0.976942255
7/8/1996,0.994100809
7/9/1996,1.004088525
7/10/1996,1.000396571
7/11/1996,0.983322365
7/12/1996,1.002269506
7/15/1996,0.98001027
7/16/1996,1.003262293
7/17/1996,1.008403061
7/18/1996,1.015049228
7/19/1996,0.990470117
7/22/1996,0.99037795
7/23/1996,0.99675579
7/24/1996,0.987822557
7/25/1996,1.010689898
7/26/1996,1.006779858
7/29/1996,0.990166337
7/30/1996,1.009114681
8/1/1996,1.008355951
8/2/1996,1.010968018
8/5/1996,0.998996343
8/6/1996,0.993519603
8/7/1996,0.997284997
8/8/1996,0.997116574
8/9/1996,0.996253233
8/12/1996,1.005844825
8/13/1996,0.997888695
8/14/1996,1.003868816
8/15/1996,0.999026836
8/16/1996,1.000322707
8/19/1996,1.004304665
8/20/1996,0.995593156
8/21/1996,1.004265506
8/22/1996,1.006871602
8/23/1996,0.995222234
8/26/1996,0.993423385
8/27/1996,0.997886498
8/28/1996,0.997110191
8/29/1996,0.990776077
9/3/1996,0.996756611
9/4/1996,1.004830409
9/5/1996,0.996025047
9/6/1996,1.00712877
9/9/1996,1.005998513
9/10/1996,1.001904859
9/11/1996,1.000717537
9/12/1996,1.003568516
9/13/1996,1.012082629
9/16/1996,1.006082476
9/17/1996,1.005111238
9/18/1996,0.994563924
9/19/1996,1.006164627
9/20/1996,0.997636968
9/23/1996,0.995714076
9/24/1996,1.006163358
9/25/1996,1.002429598
9/26/1996,0.999767886
9/27/1996,1.004617159
10/1/1996,1.002771609
10/2/1996,0.999308163
10/3/1996,0.997464171
10/4/1996,1.004852292
10/7/1996,0.998505034
10/8/1996,0.989634626
10/9/1996,0.993832181
10/10/1996,1.003161918
10/11/1996,1.008520701
10/14/1996,1.000694233
10/15/1996,1.007633739
10/16/1996,1.000458696
10/17/1996,1.003442225
10/18/1996,1.00686019
10/21/1996,0.980921057
10/22/1996,0.998379373
10/23/1996,0.997564783
10/24/1996,0.999651861
10/25/1996,0.994185772
10/28/1996,0.994386062
10/29/1996,1.002117097
10/30/1996,0.996126816
11/1/1996,1.001615771
11/4/1996,1.003904104
11/5/1996,0.999689423
11/6/1996,1.020616273
11/7/1996,1.001397885
11/8/1996,1.008702792
11/11/1996,0.999371124
11/12/1996,0.99823767
11/13/1996,0.999067298
11/14/1996,1.005703667
11/15/1996,1.002534548
11/18/1996,0.994794018
11/19/1996,1.004278266
11/20/1996,1.004559992
11/21/1996,0.99912705
11/22/1996,1.009935241
11/25/1996,1.007539376
11/26/1996,0.996295563
11/27/1996,0.997143812
12/2/1996,0.991792704
12/3/1996,0.989376622
12/4/1996,1.00340607
12/5/1996,1.008636091
12/6/1996,0.984493042
12/9/1996,1.012549942
12/10/1996,0.995341495
12/11/1996,0.98402753
12/12/1996,0.993148073
12/13/1996,0.999824556
12/16/1996,0.990331812
12/17/1996,1.004925849
12/18/1996,1.003135708
12/19/1996,1.007528739
12/20/1996,1.003455994
12/23/1996,0.996682714
12/24/1996,0.995876112
12/26/1996,1.010159278
12/27/1996,0.997312311
12/30/1996,0.996225316
1/2/1997,1.001529683
1/3/1997,1.008655431
1/6/1997,1.000348376
1/7/1997,0.999788172
1/8/1997,0.989052927
1/9/1997,0.993682446
1/10/1997,0.989436166
1/13/1997,1.006835578
1/14/1997,1.007861605
1/15/1997,1.000373566
1/16/1997,1.004463457
1/17/1997,1.001918808
1/20/1997,0.989392316
1/21/1997,1.010880614
1/22/1997,1.004571854
1/23/1997,0.98360723
1/24/1997,0.987939736
1/27/1997,0.988474163
1/28/1997,1.011659922
1/29/1997,1.002362234
1/30/1997,1.006369388
2/3/1997,1.001899248
2/4/1997,1.001982198
2/5/1997,0.982221502
2/6/1997,1.000304067
2/7/1997,1.012662468
2/10/1997,0.995856727
2/11/1997,1.005433943
2/12/1997,1.011055309
2/13/1997,1.012766833
2/14/1997,0.996622594
2/18/1997,1.003558784
2/19/1997,0.997566466
2/20/1997,1.003580434
2/21/1997,1.005920775
2/24/1997,1.005608153
2/25/1997,1.00235757
2/26/1997,0.982597092
2/27/1997,0.99804939
3/3/1997,1.002291288
3/4/1997,0.996530528
3/5/1997,1.006826682
3/6/1997,0.988613073
3/7/1997,1.007688794
3/10/1997,1.006694605
3/11/1997,1.000381791
3/12/1997,0.988594907
3/13/1997,0.980356666
3/14/1997,1.005277586
3/17/1997,1.003733628
3/18/1997,1.000906336
3/19/1997,1.001773693
3/20/1997,0.992831381
3/21/1997,1.010792887
3/24/1997,1.001008749
3/25/1997,0.99955772
3/26/1997,1.004705265
3/27/1997,0.983260988
4/1/1997,1.008800841
4/2/1997,0.98888999
4/3/1997,1.005401505
4/4/1997,0.999574132
4/7/1997,0.998373167
4/8/1997,1.004504364
4/9/1997,0.990818563
4/10/1997,0.995625097
4/11/1997,0.975886017
4/14/1997,1.008384966
4/15/1997,1.016958267
4/16/1997,1.01343109
4/17/1997,0.997438704
4/18/1997,1.007146299
4/21/1997,1.003992036
4/22/1997,1.013586117
4/23/1997,1.000626348
4/24/1997,0.992906811
4/25/1997,0.992812656
4/28/1997,1.008106418
4/29/1997,1.019653126
5/1/1997,0.999361799
5/2/1997,1.016792542
5/5/1997,1.015270757
5/6/1997,1.010896241
5/7/1997,0.983699608
5/8/1997,1.010553997
5/9/1997,1.008193469
5/12/1997,1.02680991
5/13/1997,0.99564671
5/14/1997,1.009729594
5/15/1997,1.00138476
5/16/1997,0.99919666
5/19/1997,1.008059318
5/20/1997,1.010540927
5/21/1997,0.990353108
5/22/1997,0.985389239
5/23/1997,1.013649917
5/27/1997,0.995715779
5/28/1997,1.008517911
5/29/1997,0.992613859
6/2/1997,1.005707785
6/3/1997,0.998153983
6/4/1997,1.003459614
6/5/1997,1.004078668
6/6/1997,1.014856231
6/9/1997,1.004806764
6/10/1997,1.007651213
6/11/1997,1.007196146
6/12/1997,1.002825087
6/13/1997,1.004716873
6/16/1997,1.007954643
6/17/1997,0.995374428
6/18/1997,0.992249771
6/19/1997,1.009693739
6/20/1997,0.994232952
6/23/1997,0.980520066
6/24/1997,1.018187665
6/25/1997,1.011617014
6/26/1997,0.999197717
6/27/1997,0.994448036
7/1/1997,1.006433356
7/2/1997,1.009104132
7/3/1997,1.013547899
7/7/1997,0.986597166
7/8/1997,1.003898946
7/9/1997,0.993785285
7/10/1997,1.000540313
7/11/1997,0.999962946
7/14/1997,1.011531616
7/15/1997,0.997038676
7/16/1997,1.013267649
7/17/1997,1.001013443
7/18/1997,0.982313324
7/21/1997,0.99619409
7/22/1997,1.018805954
7/23/1997,0.999528827
7/24/1997,0.998795171
7/25/1997,1.003472926
7/28/1997,0.995786074
7/29/1997,0.998037106
7/30/1997,1.006818445
8/1/1997,0.984389673
8/4/1997,1.001531203
8/5/1997,0.988776366
8/6/1997,1.016570034
8/7/1997,0.991777598
8/8/1997,0.999754962
8/11/1997,0.992573977
8/12/1997,0.992681365
8/13/1997,1.002188005
8/14/1997,1.006067379
8/15/1997,0.97461908
8/18/1997,1.014680216
8/19/1997,1.002685565
8/20/1997,1.01467083
8/21/1997,0.985947823
8/22/1997,0.986020014
8/25/1997,0.995981897
8/26/1997,0.997398792
8/27/1997,0.995431204
8/28/1997,0.981015734
9/2/1997,1.011358178
9/3/1997,1.005741269
9/4/1997,1.003579202
9/5/1997,1.002749989
9/8/1997,0.99809997
9/9/1997,1.008965374
9/10/1997,0.982019705
9/11/1997,0.98839639
9/12/1997,1.006784552
9/15/1997,1.001251187
9/16/1997,1.011860069
9/17/1997,0.995653235
9/18/1997,1.004634548
9/19/1997,0.996620552
9/22/1997,1.007573673
9/23/1997,0.99520972
9/24/1997,1.008331995
9/25/1997,0.996073747
9/26/1997,0.991704158
9/29/1997,1.009854408
10/1/1997,1.011827015
10/2/1997,0.989869479
10/3/1997,1.002849893
10/6/1997,1.014860707
10/7/1997,0.998675963
10/8/1997,0.996019932
10/9/1997,0.991403454
10/10/1997,1.000569781
10/13/1997,1.000549456
10/14/1997,0.993534338
10/15/1997,0.998710733
10/16/1997,0.999896245
10/17/1997,0.994281811
10/20/1997,1.00573075
10/21/1997,1.008741175
10/22/1997,0.9984657
10/23/1997,0.96665115
10/24/1997,0.996610388
10/27/1997,0.935538283
10/28/1997,1.053641793
10/29/1997,0.990272607
10/30/1997,0.984983212
11/3/1997,1.021614762
11/4/1997,0.984205256
11/5/1997,0.99906678
11/6/1997,0.995318097
11/7/1997,0.964719991
11/10/1997,0.996732175
11/11/1997,1.000181996
11/12/1997,0.96931334
11/13/1997,1.016547159
11/14/1997,1.018746803
11/17/1997,1.029481308
11/18/1997,0.98853278
11/19/1997,0.991723236
11/20/1997,1.03035401
11/21/1997,0.995626003
11/24/1997,0.982113745
11/25/1997,1.004167649
11/26/1997,1.004327779
12/1/1997,1.024965607
12/2/1997,0.991584685
12/3/1997,1.001666489
12/4/1997,0.992004372
12/5/1997,1.002452312
12/8/1997,0.998327024
12/9/1997,1.001459538
12/10/1997,0.994980633
12/11/1997,0.980068093
12/12/1997,0.998585485
12/15/1997,1.01360414
12/16/1997,0.993468622
12/17/1997,1.014775825
12/18/1997,0.981859141
12/19/1997,0.982883406
12/22/1997,0.998594292
12/23/1997,0.984217855
12/24/1997,1.006150807
12/26/1997,0.999731678
12/29/1997,1.016856178
12/30/1997,1.009280646
1/2/1998,1.002985368
1/5/1998,0.990690292
1/6/1998,0.99061024
1/7/1998,1.015033317
1/8/1998,0.986967683
1/9/1998,0.969147654
1/12/1998,1.007759045
1/13/1998,1.016426588
1/14/1998,1.010823614
1/15/1998,0.99250256
1/16/1998,1.046198027
1/20/1998,1.016849951
1/21/1998,0.987000908
1/22/1998,1.000185003
1/23/1998,1.014665813
1/26/1998,1.007271816
1/27/1998,1.008011815
1/28/1998,1.009925597
1/29/1998,0.995517422
2/2/1998,1.018447938
2/3/1998,1.003368975
2/4/1998,0.99914943
2/5/1998,1.003072457
2/6/1998,1.009385133
2/9/1998,1.001142133
2/10/1998,1.006511198
2/11/1998,0.999373875
2/12/1998,0.997776581
2/13/1998,0.989146017
2/17/1998,1.001646784
2/18/1998,1.001129958
2/19/1998,0.991107201
2/20/1998,1.001717146
2/23/1998,1.001016457
2/24/1998,0.989247142
2/25/1998,1.012325208
2/26/1998,1.017962399
3/2/1998,1.000363248
3/3/1998,1.0038464
3/4/1998,0.988470022
3/5/1998,0.990087308
3/6/1998,1.022865902
3/9/1998,0.986953636
3/10/1998,1.006531516
3/11/1998,0.997894876
3/12/1998,1.001057848
3/13/1998,1.004501547
3/16/1998,1.003923305
3/17/1998,1.000242951
3/18/1998,0.999076677
3/19/1998,0.998270141
3/20/1998,1.011382968
3/23/1998,0.99489073
3/24/1998,1.002506532
3/25/1998,1.000910408
3/26/1998,1.010144103
3/27/1998,0.991804193
3/30/1998,0.990828992
4/1/1998,1.007572718
4/2/1998,0.998595787
4/3/1998,1.005425218
4/6/1998,0.999664716
4/7/1998,0.997033992
4/8/1998,1.008735332
4/9/1998,1.009149533
4/13/1998,0.998037682
4/14/1998,1.007687234
4/15/1998,0.998398216
4/16/1998,0.981117939
4/17/1998,1.011173779
4/20/1998,0.999803266
4/21/1998,1.005142916
4/22/1998,1.003744707
4/23/1998,0.994944051
4/24/1998,0.994329103
4/27/1998,0.967007416
4/28/1998,1.008271767
4/29/1998,1.006701162
5/1/1998,1.006515629
5/4/1998,0.996533327
5/5/1998,0.996557171
5/6/1998,0.983159917
5/7/1998,0.992501853
5/8/1998,1.01193228
5/11/1998,1.000863397
5/12/1998,1.004510815
5/13/1998,0.998523931
5/14/1998,0.999623766
5/15/1998,0.994209434
5/18/1998,0.995420479
5/19/1998,1.008369124
5/20/1998,1.007023909
5/21/1998,0.99860013
5/22/1998,0.993801452
5/26/1998,0.984874649
5/27/1998,1.001049133
5/28/1998,1.003354523
6/1/1998,0.99324183
6/2/1998,1.004599008
6/3/1998,0.988866718
6/4/1998,1.014879843
6/5/1998,1.009502805
6/8/1998,0.995285112
6/9/1998,1.004143207
6/10/1998,0.989585469
6/11/1998,0.97677202
6/12/1998,1.006703348
6/15/1998,0.969111043
6/16/1998,1.021459624
6/17/1998,1.045497497
6/18/1998,0.991023172
6/19/1998,1.006360803
6/22/1998,0.991588441
6/23/1998,1.00040989
6/24/1998,1.009489232
6/25/1998,0.994915443
6/26/1998,1.004917112
6/29/1998,1.004501349
7/1/1998,1.023048326
7/2/1998,0.986833006
7/6/1998,1.003489497
7/7/1998,1.004141719
7/8/1998,1.007011022
7/9/1998,0.9861765
7/10/1998,1.005705728
7/13/1998,1.002017817
7/14/1998,1.015351533
7/15/1998,0.996881809
7/16/1998,1.013931512
7/17/1998,1.000935704
7/20/1998,1
7/21/1998,0.980569719
7/22/1998,0.99095657
7/23/1998,0.980290038
7/24/1998,1.004997062
7/27/1998,0.995813006
7/28/1998,0.987843565
7/29/1998,0.999104523
7/30/1998,1.012612745
8/3/1998,0.98533938
8/4/1998,0.968418848
8/5/1998,1.024022676
8/6/1998,1.001031818
8/7/1998,0.991239758
8/10/1998,0.991908698
8/11/1998,0.979196038
8/12/1998,1.01628937
8/13/1998,0.993382608
8/14/1998,0.983496566
8/17/1998,1.015186614
8/18/1998,1.023570832
8/19/1998,1.000180529
8/20/1998,0.993730917
8/21/1998,0.992262153
8/24/1998,1.000457369
8/25/1998,1.00199713
8/26/1998,0.991827335
8/27/1998,0.953751475
8/28/1998,0.990948257
9/1/1998,1.064269114
9/2/1998,0.995502622
9/3/1998,1.000493293
9/4/1998,0.986793153
9/8/1998,1.063528349
9/9/1998,0.964448077
9/10/1998,0.987586613
9/11/1998,1.020032766
9/14/1998,1.010782769
9/15/1998,1.001189314
9/16/1998,0.995238974
9/17/1998,0.984277321
9/18/1998,1.005482698
9/21/1998,0.988983284
9/22/1998,0.999918959
9/23/1998,1.036623152
9/24/1998,0.984115593
9/25/1998,0.993963177
9/28/1998,1.005799633
9/29/1998,1.003731422
10/1/1998,0.96683478
10/2/1998,1.031642124
10/5/1998,0.97191597
10/6/1998,1.019825773
10/7/1998,1.048160726
10/8/1998,0.97166893
10/9/1998,1.033829348
10/12/1998,1.020502925
10/13/1998,0.985763323
10/14/1998,1.001947211
10/15/1998,1.051264973
10/16/1998,0.991207059
10/19/1998,1.020017361
10/20/1998,1.012043037
10/21/1998,1.012695233
10/22/1998,1.002168621
10/23/1998,0.978802801
10/26/1998,1.001026297
10/27/1998,0.990966648
10/28/1998,0.996081343
10/29/1998,1.019257766
11/2/1998,1.039770182
11/3/1998,0.995569831
11/4/1998,1.011195035
11/5/1998,1.001333007
11/6/1998,0.994908594
11/9/1998,0.979282027
11/10/1998,0.995887223
11/11/1998,1.002982968
11/12/1998,0.994543677
11/13/1998,1.008505876
11/16/1998,1.014169466
11/17/1998,0.997659636
11/18/1998,0.996727011
11/19/1998,1.021970027
11/20/1998,1.009310002
11/23/1998,1.0214937
11/24/1998,0.989387744
11/25/1998,1
11/27/1998,1.004611596
12/1/1998,1.014888535
12/2/1998,0.998069384
12/3/1998,0.987010267
12/4/1998,1.021510393
12/7/1998,0.999003086
12/8/1998,0.99703135
12/9/1998,1.013685804
12/10/1998,0.98631378
12/11/1998,0.999236628
12/14/1998,0.972753454
12/15/1998,1.019076328
12/16/1998,0.999115855
12/17/1998,1.014728607
12/18/1998,1.006933708
12/21/1998,1.007157217
12/22/1998,0.990696456
12/23/1998,1.014108833
12/24/1998,0.993020386
12/28/1998,1.002358952
12/29/1998,1.014777157
12/30/1998,0.996568424
1/4/1999,0.99650672
1/5/1999,1.005865934
1/6/1999,1.020426603
1/7/1999,0.998512255
1/8/1999,1.005079944
1/11/1999,0.989656561
1/12/1999,0.979947832
1/13/1999,0.993190909
1/14/1999,0.989890234
1/15/1999,1.02576083
1/19/1999,1.000620891
1/20/1999,1.013219958
1/21/1999,0.983723378
1/22/1999,0.992643669
1/25/1999,1.010856743
1/26/1999,1.020103189
1/27/1999,0.98640108
1/28/1999,1.01146123
2/1/1999,0.994091874
2/2/1999,1.001644233
2/3/1999,1.003171906
2/4/1999,0.988918527
2/5/1999,0.985727658
2/8/1999,1.001145923
2/9/1999,0.982011785
2/10/1999,1.003642416
2/11/1999,1.013065678
2/12/1999,0.998383396
2/16/1999,0.993919603
2/17/1999,0.988817228
2/18/1999,1.004527441
2/19/1999,0.997133034
2/22/1999,1.02348612
2/23/1999,0.999715051
2/24/1999,0.981891293
2/25/1999,1.007807257
3/1/1999,0.995473005
3/2/1999,0.983420494
3/3/1999,1.002804295
3/4/1999,1.006657602
3/5/1999,1.031772771
3/8/1999,1.009247231
3/9/1999,1.010322086
3/10/1999,1.016000379
3/11/1999,1.016985268
3/12/1999,0.995133015
3/15/1999,1.015583227
3/16/1999,1.009061452
3/17/1999,1.008741335
3/18/1999,1.00522617
3/19/1999,0.994240233
3/22/1999,1.000949277
3/23/1999,0.969590641
3/24/1999,1.008376204
3/25/1999,1.02385773
3/26/1999,0.98297383
3/29/1999,1.018222319
3/30/1999,0.992012479
4/1/1999,1.018824005
4/5/1999,1.010478199
4/6/1999,1.008201569
4/7/1999,1.002030032
4/8/1999,1.014005739
4/9/1999,0.995489423
4/12/1999,1.003537087
4/13/1999,0.998762867
4/14/1999,1.002332017
4/15/1999,0.995650005
4/16/1999,0.997738654
4/19/1999,0.982357619
4/20/1999,1.011515938
4/21/1999,1.008385238
4/22/1999,1.00522898
4/23/1999,1.00323906
4/26/1999,1.005470939
4/27/1999,1.007235429
4/28/1999,0.990227204
4/29/1999,0.99583863
5/3/1999,1.017128921
5/4/1999,0.99194188
5/5/1999,1.002202706
5/6/1999,1.005525042
5/7/1999,0.999755493
5/10/1999,0.999439362
5/11/1999,1.001186996
5/12/1999,0.999950534
5/13/1999,0.995766765
5/14/1999,0.980631894
5/17/1999,0.985713802
5/18/1999,1.001241077
5/19/1999,0.999544248
5/20/1999,0.996491616
5/21/1999,0.992095111
5/24/1999,0.992655929
5/25/1999,0.993013997
5/26/1999,1.015889556
5/27/1999,0.977764345
6/1/1999,1.012092873
6/2/1999,1.000545061
6/3/1999,0.996174758
6/4/1999,1.011488924
6/7/1999,1.008393126
6/8/1999,0.998933775
6/9/1999,1.001748471
6/10/1999,1.006180825
6/11/1999,1.008942672
6/14/1999,0.991539418
6/15/1999,1.00826006
6/16/1999,1.010562356
6/17/1999,1.011898606
6/18/1999,0.994046195
6/21/1999,1.001302991
6/22/1999,0.996096557
6/23/1999,0.988388216
6/24/1999,0.998014117
6/25/1999,0.998609725
6/28/1999,1.009079919
6/29/1999,1.011947413
7/1/1999,1.012844925
7/2/1999,1.007789404
7/6/1999,0.997783452
7/7/1999,1.00286382
7/8/1999,0.996274329
7/9/1999,0.999217772
7/12/1999,1.005812552
7/13/1999,0.997952651
7/14/1999,1.011559859
7/15/1999,1.007742026
7/16/1999,1.003081258
7/19/1999,1.002366548
7/20/1999,0.980277769
7/21/1999,1.003520051
7/22/1999,0.978123967
7/23/1999,0.996777038
7/26/1999,0.993702031
7/27/1999,1.015416415
7/28/1999,1.003915547
7/29/1999,0.994244169
8/2/1999,0.999657196
8/3/1999,0.997103471
8/4/1999,0.986185982
8/5/1999,1.00377534
8/6/1999,0.984176325
8/9/1999,0.998658356
8/10/1999,0.991286178
8/11/1999,1.011255474
8/12/1999,1.00331156
8/13/1999,1.019831186
8/16/1999,1.006365726
8/17/1999,1.009415891
8/18/1999,0.993786171
8/19/1999,1.002086806
8/20/1999,1.0222015
8/23/1999,1.009800817
8/24/1999,0.99705852
8/25/1999,1.002481361
8/26/1999,0.987416659
8/27/1999,0.990762403
8/30/1999,0.99390465
9/1/1999,1.024175104
9/2/1999,0.980244519
9/3/1999,1.026780151
9/7/1999,0.988749689
9/8/1999,1.00072827
9/9/1999,1.012516104
9/10/1999,1.003152588
9/13/1999,1.004948089
9/14/1999,0.99073445
9/15/1999,0.996046489
9/16/1999,0.996840108
9/17/1999,1.00741671
9/20/1999,1.002784815
9/21/1999,0.982187795
9/22/1999,0.99746379
9/23/1999,0.984080476
9/24/1999,0.990082025
9/27/1999,1.005786906
9/28/1999,1.004482193
9/29/1999,0.989258741
10/1/1999,1.007512453
10/4/1999,1.012409934
10/5/1999,0.990761055
10/6/1999,1.014559744
10/7/1999,0.994834046
10/8/1999,1.012693058
10/11/1999,1.000714103
10/12/1999,0.992319551
10/13/1999,0.972312134
10/14/1999,1.012255064
10/15/1999,0.975951987
10/18/1999,0.997154468
10/19/1999,1.011233659
10/20/1999,1.011257368
10/21/1999,1.001754438
10/22/1999,1.010381657
10/25/1999,0.996963189
10/26/1999,0.999428828
10/27/1999,1.008996806
10/28/1999,1.022155395
11/1/1999,0.988566067
11/2/1999,0.997811114
11/3/1999,1.009368724
11/4/1999,1.006116648
11/5/1999,1.003705334
11/8/1999,0.998689276
11/9/1999,0.99466969
11/10/1999,1.011540681
11/11/1999,0.999561081
11/12/1999,1.006924003
11/15/1999,0.999528179
11/16/1999,1.002954194
11/17/1999,1.00306402
11/18/1999,1.011462313
11/19/1999,1.001274478
11/22/1999,1.006958938
11/23/1999,0.993294184
11/24/1999,1.003362038
11/26/1999,1.006093001
11/29/1999,0.994764931
12/1/1999,1.004020764
12/2/1999,1.005156011
12/3/1999,1.017455173
12/6/1999,0.986960179
12/7/1999,0.999107911
12/8/1999,0.989200637
12/9/1999,1.008219199
12/10/1999,1.003656786
12/13/1999,0.993727732
12/14/1999,0.98912372
12/15/1999,1.004762374
12/16/1999,1.008038793
12/17/1999,1.005390927
12/20/1999,0.999586987
12/21/1999,1.006181557
12/22/1999,1.012337816
12/23/1999,1.012407661
12/27/1999,0.9956907
12/28/1999,1.010303128
12/29/1999,1.00939237
12/30/1999,0.99935742
1/3/2000,0.991166811
1/4/2000,0.966324643
1/5/2000,0.988404405
1/6/2000,0.972910659
1/7/2000,1.041921492
1/10/2000,1.009126384
1/11/2000,0.988941661
1/12/2000,0.991511036
1/13/2000,1.014901513
1/14/2000,1.01123393
1/18/2000,0.992018776
1/19/2000,0.998137744
1/20/2000,0.990603529
1/21/2000,0.996973577
1/24/2000,0.982081354
1/25/2000,1.011902467
1/26/2000,1.000994301
1/27/2000,0.994144197
1/28/2000,0.97893635
2/1/2000,1.004736786
2/2/2000,1.004463215
2/3/2000,1.015591761
2/4/2000,1.005779163
2/7/2000,0.991409393
2/8/2000,0.998949015
2/9/2000,0.989284451
2/10/2000,1.00100513
2/11/2000,0.98574769
2/14/2000,1.011035812
2/15/2000,0.989697609
2/16/2000,0.991078836
2/17/2000,1.000771646
2/18/2000,0.981012149
2/22/2000,0.990408659
2/23/2000,1.001788092
2/24/2000,0.991785824
2/25/2000,1.004505382
2/28/2000,1.018934444
3/1/2000,1.013989841
3/2/2000,0.990089652
3/3/2000,1.013446924
3/6/2000,0.976976182
3/7/2000,0.996244869
3/8/2000,1.007765507
3/9/2000,1.010278828
3/10/2000,0.993422268
3/13/2000,0.969378101
3/14/2000,1.001252307
3/15/2000,1.01822447
3/16/2000,1.042661586
3/17/2000,0.997328823
3/20/2000,1.003488047
3/21/2000,1.005900751
3/22/2000,0.999651939
3/23/2000,1.008368512
3/24/2000,1.003664329
3/27/2000,1.000344518
3/28/2000,1.00884724
3/29/2000,1.016197451
3/30/2000,0.987664283
4/3/2000,0.997513578
4/4/2000,0.968208048
4/5/2000,1.014124302
4/6/2000,1.002679777
4/7/2000,1.005198939
4/10/2000,0.996078527
4/11/2000,0.9947476
4/12/2000,0.989254475
4/13/2000,0.985219121
4/14/2000,0.963462568
4/17/2000,1.008884251
4/18/2000,1.015763682
4/19/2000,0.991205227
4/20/2000,1.010381286
4/24/2000,0.992362666
4/25/2000,1.03539254
4/26/2000,0.984618043
4/27/2000,0.992495441
5/1/2000,1.016948664
5/2/2000,0.98390879
5/3/2000,0.985187742
5/4/2000,1.00676005
5/5/2000,1.006109251
5/8/2000,0.992183879
5/9/2000,0.989880006
5/10/2000,0.984453972
5/11/2000,1.005833776
5/12/2000,1.013288873
5/15/2000,1.006817264
5/16/2000,1.006581758
5/17/2000,0.982986959
5/18/2000,0.997205705
5/19/2000,0.984160527
5/22/2000,0.98362515
5/23/2000,0.992310905
5/24/2000,1.016975774
5/25/2000,0.986920365
5/26/2000,1.004831109
5/30/2000,1.030254485
6/1/2000,1.015248714
6/2/2000,1.023788672
6/5/2000,0.997606198
6/6/2000,0.999930012
6/7/2000,1.005510795
6/8/2000,0.993863113
6/9/2000,0.994712651
6/12/2000,0.992094289
6/13/2000,1.00920328
6/14/2000,0.994447246
6/15/2000,0.992484603
6/16/2000,0.993714974
6/19/2000,1.021633696
6/20/2000,1.004596354
6/21/2000,1.001803213
6/22/2000,0.996827732
6/23/2000,0.987340927
6/26/2000,1.006299119
6/27/2000,1.002769868
6/28/2000,1.007745863
6/29/2000,0.995419385
7/3/2000,1.008096526
7/5/2000,0.995234633
7/6/2000,1.005310658
7/7/2000,1.008535222
7/10/2000,1.000108751
7/11/2000,1.000229801
7/12/2000,0.996940453
7/13/2000,0.995725781
7/14/2000,1.001016193
7/17/2000,1.001041649
7/18/2000,0.993102904
7/19/2000,0.99453404
7/20/2000,1.008518545
7/21/2000,0.996778227
7/24/2000,0.999447497
7/25/2000,1.004330103
7/26/2000,1.003001809
7/27/2000,1.00176227
7/28/2000,0.989228041
8/1/2000,1.00919863
8/2/2000,1.001803796
8/3/2000,0.994626185
8/4/2000,0.996442035
8/7/2000,1.006151218
8/8/2000,0.999317911
8/9/2000,1.000597181
8/10/2000,1.000745846
8/11/2000,1.005024704
8/14/2000,1.005407284
8/15/2000,0.999079836
8/16/2000,0.999633626
8/17/2000,1.003367526
8/18/2000,0.995243936
8/21/2000,0.998303241
8/22/2000,1.001261231
8/23/2000,0.999827336
8/24/2000,1.00119127
8/25/2000,1.000979465
8/28/2000,1.005441006
8/29/2000,0.992780246
8/30/2000,0.99708708
9/1/2000,1.005241932
9/5/2000,0.992853837
9/6/2000,0.994908446
9/7/2000,1.00518458
9/8/2000,0.998170811
9/11/2000,0.997674896
9/12/2000,1.000315301
9/13/2000,0.995110037
9/14/2000,1.002978239
9/15/2000,0.992169525
9/18/2000,0.99228074
9/19/2000,1.007017216
9/20/2000,0.997357967
9/21/2000,0.998906814
9/22/2000,1.003980788
9/25/2000,0.995401214
9/26/2000,0.999442376
9/27/2000,0.997785271
9/28/2000,1.009400796
10/2/2000,0.99924417
10/3/2000,0.996820564
10/4/2000,0.994849848
10/5/2000,1.00145292
10/6/2000,0.986577747
10/9/2000,0.99439795
10/10/2000,0.995310226
10/11/2000,0.988467373
10/12/2000,0.98330218
10/13/2000,1.016122247
10/16/2000,1.00225154
10/17/2000,0.985342314
10/18/2000,0.990152858
10/19/2000,1.022462198
10/20/2000,0.999577235
10/23/2000,0.99935342
10/24/2000,0.997412631
10/25/2000,0.987376911
10/26/2000,1.001786167
10/27/2000,1.011537271
10/30/2000,0.9996047
11/1/2000,1.003768874
11/2/2000,1.005277498
11/3/2000,1.003038347
11/6/2000,1.004706116
11/7/2000,0.999796531
11/8/2000,0.993445705
11/9/2000,0.994415805
11/10/2000,0.985140248
11/13/2000,0.996109139
11/14/2000,1.020069232
11/15/2000,0.998462849
11/16/2000,0.991425356
11/17/2000,0.998035798
11/20/2000,0.986599227
11/21/2000,1.000740136
11/22/2000,0.986156232
11/24/2000,1.00849529
11/27/2000,1.007963729
11/28/2000,0.995609467
11/29/2000,0.998306761
12/1/2000,1.009486953
12/4/2000,1.00093566
12/5/2000,1.018431863
12/6/2000,0.995996322
12/7/2000,0.993758573
12/8/2000,1.007021583
12/11/2000,1.017012858
12/12/2000,0.998138984
12/13/2000,0.992066103
12/14/2000,0.992681649
12/15/2000,0.990953719
12/18/2000,1.012076357
12/19/2000,0.991392126
12/20/2000,0.982054227
12/21/2000,1.001860184
12/22/2000,1.0089049
12/26/2000,1.001246131
12/27/2000,1.011086749
12/28/2000,1.008794886
1/2/2001,0.991503885
1/3/2001,1.034780576
1/4/2001,0.974929387
1/5/2001,0.991423904
1/8/2001,0.998483825
1/9/2001,0.997026836
1/10/2001,0.996097179
1/11/2001,1.001931204
1/12/2001,1.000779621
1/16/2001,0.999961258
1/17/2001,1.009181848
1/18/2001,1.007613247
1/19/2001,0.995641056
1/22/2001,0.997321805
1/23/2001,1.006069375
1/24/2001,0.998934637
1/25/2001,1.001522476
1/26/2001,0.995626251
1/29/2001,1.004880349
1/30/2001,1.005956117
2/1/2001,1.002047506
2/2/2001,0.990174331
2/5/2001,1.000203523
2/6/2001,0.997175269
2/7/2001,0.992162691
2/8/2001,0.994575747
2/9/2001,0.992783165
2/12/2001,1.004311023
2/13/2001,0.994596299
2/14/2001,0.999381923
2/15/2001,1.005484012
2/16/2001,0.987937514
2/20/2001,0.994029755
2/21/2001,0.990276377
2/22/2001,0.994761445
2/23/2001,1.002519141
2/26/2001,1.007743705
2/27/2001,1.001089892
3/1/2001,0.999970863
3/2/2001,0.997666246
3/5/2001,1.00256548
3/6/2001,1.008968416
3/7/2001,1.004266841
3/8/2001,1.001520167
3/9/2001,0.986892084
3/12/2001,0.975473924
3/13/2001,1.002130188
3/14/2001,0.974952613
3/15/2001,1.007181451
3/16/2001,0.987018349
3/19/2001,1.010084441
3/20/2001,0.999645942
3/21/2001,0.992887515
3/22/2001,0.987172626
3/23/2001,1.018634052
3/26/2001,1.022210767
3/27/2001,1.012364484
3/28/2001,0.982492986
3/29/2001,0.995413389
4/2/2001,0.99220204
4/3/2001,0.985471461
4/4/2001,1.007363028
4/5/2001,1.025806911
4/6/2001,0.986445529
4/9/2001,1.000494585
4/10/2001,1.010956094
4/11/2001,0.990392175
4/12/2001,1.00834978
4/16/2001,0.994688329
4/17/2001,1.005195689
4/18/2001,1.03040039
4/19/2001,1.004001426
4/20/2001,0.994208114
4/23/2001,0.988148347
4/24/2001,1.002296629
4/25/2001,1.006224115
4/26/2001,1.008753127
4/27/2001,1.01292332
5/1/2001,1.007643971
5/2/2001,1.000535251
5/3/2001,0.990685032
5/4/2001,1.00556201
5/7/2001,0.993924529
5/8/2001,0.998704217
5/9/2001,0.993364847
5/10/2001,1.007189586
5/11/2001,0.995478366
5/14/2001,0.994464885
5/15/2001,1.010348032
5/16/2001,1.007720189
5/17/2001,1.004728439
5/18/2001,1.003796779
5/21/2001,1.007270149
5/22/2001,0.998704719
5/23/2001,0.998298418
5/24/2001,1.00341063
5/25/2001,0.990285186
5/29/2001,0.99434619
5/30/2001,0.991590341
6/1/2001,0.99789361
6/4/2001,1.003077462
6/5/2001,1.007266202
6/6/2001,0.996242453
6/7/2001,1.002656342
6/8/2001,0.996622639
6/11/2001,0.995147111
6/12/2001,1.00124722
6/13/2001,0.99808291
6/14/2001,0.992966895
6/15/2001,0.995698537
6/18/2001,1.000125597
6/19/2001,1.000618673
6/20/2001,1.002863849
6/21/2001,1.009051458
6/22/2001,0.996070449
6/25/2001,0.993212085
6/26/2001,1.004866417
6/27/2001,0.997978679
6/28/2001,1.004669782
7/2/2001,1.007924678
7/3/2001,0.996995572
7/5/2001,0.98440593
7/6/2001,0.989055691
7/9/2001,0.995242365
7/10/2001,0.995286345
7/11/2001,0.998852108
7/12/2001,1.011797516
7/13/2001,1.002924092
7/16/2001,0.993352969
7/17/2001,1.000351787
7/18/2001,0.999930537
7/19/2001,1.003220474
7/20/2001,0.996056575
7/23/2001,0.990049728
7/24/2001,0.992269298
7/25/2001,1.00565762
7/26/2001,1.003208061
7/27/2001,1.00846283
7/30/2001,0.993171217
8/1/2001,1.006547712
8/2/2001,1.008457076
8/3/2001,0.99518987
8/6/2001,0.997917724
8/7/2001,0.999771322
8/8/2001,0.992723028
8/9/2001,1.003268898
8/10/2001,1.002190546
8/13/2001,1.002236171
8/14/2001,1.004958668
8/15/2001,1.000351547
8/16/2001,1.004188742
8/17/2001,0.988129818
8/20/2001,1.005996561
8/21/2001,1.000900402
8/22/2001,1.003053087
8/23/2001,0.995163701
8/24/2001,1.006148273
8/27/2001,0.999595293
8/28/2001,0.990440514
8/29/2001,0.989498674
8/30/2001,0.987286373
9/4/2001,0.989527306
9/5/2001,0.99323443
9/6/2001,0.985124702
9/7/2001,0.98553037
9/10/2001,1.004241086
9/17/2001,0.954452652
9/18/2001,1.002313288
9/19/2001,0.991601507
9/20/2001,0.969082302
9/21/2001,0.976398455
9/24/2001,1.031144349
9/25/2001,1.011438209
9/26/2001,1.007856314
9/27/2001,1.004147253
10/1/2001,0.995789436
10/2/2001,1.007556512
10/3/2001,1.001741133
10/4/2001,1.005604921
10/5/2001,0.99707372
10/8/2001,0.997922261
10/9/2001,0.994372305
10/10/2001,1.01969814
10/11/2001,1.009520121
10/12/2001,0.998195147
10/15/2001,0.995040125
10/16/2001,1.002420113
10/17/2001,0.991879357
10/18/2001,0.994617699
10/19/2001,0.993787781
10/22/2001,1.005607631
10/23/2001,1.001044762
10/24/2001,0.997067962
10/25/2001,1.01087854
10/26/2001,0.996949563
10/29/2001,0.98762298
10/30/2001,0.98580526
11/1/2001,1.019943869
11/2/2001,0.998468342
11/5/2001,1.007471247
11/6/2001,1.014322926
11/7/2001,0.991989963
11/8/2001,1.004163752
11/9/2001,0.995153552
11/12/2001,0.993262666
11/13/2001,1.012531057
11/14/2001,1.003165159
11/15/2001,1.003931684
11/16/2001,1.002229685
11/19/2001,1.0069685
11/20/2001,0.995144194
11/21/2001,1.000351429
11/23/2001,1.005697327
11/26/2001,1.005160501
11/27/2001,0.992531816
11/28/2001,0.989200212
11/29/2001,1.00522329
12/3/2001,0.991830683
12/4/2001,1.011731707
12/5/2001,1.017090193
12/6/2001,1.000680531
12/7/2001,0.991713932
12/10/2001,0.980486423
12/11/2001,1.004744224
12/12/2001,1.000589121
12/13/2001,0.979537316
12/14/2001,1.007823481
12/17/2001,1.00812838
12/18/2001,1.001895677
12/19/2001,0.997911431
12/20/2001,0.993099839
12/21/2001,1.004945523
12/24/2001,0.998634226
12/26/2001,0.999614895
12/27/2001,1.007497621
12/28/2001,1.007452987
1/2/2002,1.00778288
1/3/2002,1.009877405
1/4/2002,1.005121829
1/7/2002,0.990474836
1/8/2002,0.992919212
1/9/2002,0.994655688
1/10/2002,0.999178557
1/11/2002,0.996670859
1/14/2002,0.993959815
1/15/2002,1.00243442
1/16/2002,0.98948767
1/17/2002,1.007860561
1/18/2002,0.996039709
1/22/2002,0.992962352
1/23/2002,1.002648534
1/24/2002,0.998515676
1/25/2002,0.999210625
1/28/2002,1.002703008
1/29/2002,0.980833758
1/30/2002,1.010797706
2/1/2002,0.999033787
2/4/2002,0.989362757
2/5/2002,0.991764785
2/6/2002,0.994557776
2/7/2002,1.003386343
2/8/2002,1.010249409
2/11/2002,1.010707946
2/12/2002,0.998389081
2/13/2002,1.005848364
2/14/2002,1.004201376
2/15/2002,0.997147592
2/19/2002,0.984035083
2/20/2002,1.007462129
2/21/2002,0.994040963
2/22/2002,1.011733563
2/25/2002,1.007499828
2/26/2002,0.997622782
2/27/2002,1.004654403
3/1/2002,1.017625998
3/4/2002,1.023197135
3/5/2002,1.001141974
3/6/2002,1.012568958
3/7/2002,1.005613813
3/8/2002,1.000149998
3/11/2002,0.999058927
3/12/2002,0.99279393
3/13/2002,0.994868229
3/14/2002,1.003783066
3/15/2002,1.010933934
3/18/2002,0.995899197
3/19/2002,1.007851395
3/20/2002,0.989505294
3/21/2002,1.002283621
3/22/2002,0.996105901
3/25/2002,0.989100795
3/26/2002,1.007702446
3/27/2002,1.00500971
4/1/2002,0.999547706
4/2/2002,0.998758033
4/3/2002,0.999120015
4/4/2002,1.000431952
4/5/2002,1.005572978
4/8/2002,1.000449328
4/9/2002,1.001399625
4/10/2002,1.012330442
4/11/2002,0.987802764
4/12/2002,1.010130635
4/15/2002,0.995654969
4/16/2002,1.005027122
4/17/2002,0.994038169
4/18/2002,1.001814875
4/19/2002,0.9974463
4/22/2002,0.989148624
4/23/2002,0.992805395
4/24/2002,0.997786679
4/25/2002,1.005405293
4/26/2002,0.993684759
4/29/2002,0.994146337
5/1/2002,1.008848678
5/2/2002,1.002792682
5/3/2002,0.999202886
5/6/2002,0.985847439
5/7/2002,0.994582376
5/8/2002,1.016820167
5/9/2002,0.98990994
5/10/2002,0.988172143
5/13/2002,1.012200091
5/14/2002,1.009928596
5/15/2002,1.000713588
5/16/2002,1.003806175
5/17/2002,1.008685917
5/20/2002,0.992451476
5/21/2002,0.993808512
5/22/2002,1.00199652
5/23/2002,1.01165035
5/24/2002,0.993118633
5/28/2002,1.000232661
5/29/2002,1.000978293
5/30/2002,0.996613909
6/3/2002,0.991647142
6/4/2002,0.99840445
6/5/2002,1.002414205
6/6/2002,0.989322834
6/7/2002,0.997976295
6/10/2002,1.00142958
6/11/2002,0.994576318
6/12/2002,0.99810189
6/13/2002,0.988770155
6/14/2002,0.993356308
6/17/2002,1.014877448
6/18/2002,0.998217297
6/19/2002,0.985411537
6/20/2002,0.996857969
6/21/2002,0.998449704
6/24/2002,0.999396448
6/25/2002,1.002987314
6/26/2002,0.996954972
6/27/2002,1.013377584
7/1/2002,0.991685768
7/2/2002,0.984185871
7/3/2002,0.998561075
7/5/2002,1.02486915
7/8/2002,0.993465957
7/9/2002,0.987543571
7/10/2002,0.977890393
7/11/2002,0.992003993
7/12/2002,0.99333923
7/15/2002,0.992906386
7/16/2002,0.984914926
7/17/2002,1.013964563
7/18/2002,0.984611062
7/19/2002,0.971930454
7/22/2002,0.978774707
7/23/2002,0.966593083
7/24/2002,1.034582834
7/25/2002,1.000204715
7/26/2002,1.010016745
7/29/2002,1.047690413
7/30/2002,1.004167169
8/1/2002,0.989807741
8/2/2002,1.001023018
8/5/2002,0.993171718
8/6/2002,1.000447295
8/7/2002,1.012386344
8/8/2002,1.0017027
8/9/2002,1.005183187
8/12/2002,1.000198179
8/13/2002,1.000556805
8/14/2002,1.009482811
8/15/2002,0.99883461
8/16/2002,0.995617608
8/19/2002,1.00208326
8/20/2002,0.998578467
8/21/2002,1.002835618
8/22/2002,0.999425389
8/23/2002,0.999336831
8/26/2002,1.005717141
8/27/2002,1.00019326
8/28/2002,0.997131222
8/29/2002,0.999483205
9/3/2002,0.996867981
9/4/2002,1.001585933
9/5/2002,0.999333626
9/6/2002,0.998090785
9/9/2002,0.998055167
9/10/2002,1.002675434
9/11/2002,0.99950759
9/12/2002,0.999153334
9/13/2002,1.001416953
9/16/2002,0.99924679
9/17/2002,1.000626443
9/18/2002,1.004457259
9/19/2002,0.998538269
9/20/2002,0.998686095
9/23/2002,0.997101408
9/24/2002,0.999498092
9/25/2002,0.997837841
9/26/2002,1.005076708
9/27/2002,1.002580625
10/1/2002,0.995435691
10/2/2002,0.995611958
10/3/2002,0.999919388
10/4/2002,0.994813496
10/7/2002,0.992312715
10/8/2002,0.998669051
10/9/2002,0.995130637
10/10/2002,1.003437778
10/11/2002,1.002746233
10/14/2002,0.995561583
10/15/2002,1.000490495
10/16/2002,0.992926817
10/17/2002,1.001615997
10/18/2002,0.999945154
10/21/2002,0.996629808
10/22/2002,0.988878209
10/23/2002,1.001580536
10/24/2002,1.003714033
10/25/2002,1.008639946
10/28/2002,1.000131715
10/29/2002,1.003007292
10/30/2002,1.003667032
11/1/2002,1.001500141
11/4/2002,1.001977817
11/5/2002,1.000701789
11/6/2002,1.005619487
11/7/2002,1.004274323
11/8/2002,0.999199004
11/11/2002,0.997463449
11/12/2002,1.00017337
11/13/2002,0.998623141
11/14/2002,0.995841087
11/15/2002,1.003497627
11/18/2002,0.99607474
11/19/2002,1.000451439
11/20/2002,1.000570341
11/21/2002,0.999722285
11/22/2002,0.999257344
11/25/2002,1.001032769
11/26/2002,1.00294646
11/27/2002,0.996652133
12/2/2002,1.001016933
12/3/2002,0.997457498
12/4/2002,1.000563402
12/5/2002,0.999428307
12/6/2002,1.002969368
12/9/2002,0.998429253
12/10/2002,1.001775512
12/11/2002,1.002549753
12/12/2002,0.999988439
12/13/2002,0.993474373
12/16/2002,1.002451946
12/17/2002,0.998563739
12/18/2002,1.000796802
12/19/2002,1.001427531
12/20/2002,1.004553456
12/23/2002,0.99991116
12/24/2002,1.003342473
12/26/2002,1.000633682
12/27/2002,1.000929595
12/30/2002,1.004276385
1/2/2003,0.993902098
1/3/2003,1.004511359
1/6/2003,1.003615598
1/7/2003,0.997662099
1/8/2003,0.995569735
1/9/2003,0.995170803
1/10/2003,1.000852111
1/13/2003,0.999416854
1/14/2003,1.002306343
1/15/2003,0.998890371
1/16/2003,0.998426534
1/17/2003,0.996323963
1/21/2003,0.998908818
1/22/2003,1.000040166
1/23/2003,0.999447315
1/24/2003,0.995891299
1/27/2003,0.991906924
1/28/2003,1.003154429
1/29/2003,0.998911945
1/30/2003,1.000710217
2/3/2003,1.001220139
2/4/2003,0.997396211
2/5/2003,0.99770287
2/6/2003,1.001614443
2/7/2003,0.99587719
2/10/2003,1.000446589
2/11/2003,0.99774286
2/12/2003,0.997158511
2/13/2003,1.00436001
2/14/2003,0.99966051
2/18/2003,1.00708251
2/19/2003,1.001503524
2/20/2003,1.000770223
2/21/2003,1.002869992
2/24/2003,0.996495514
2/25/2003,1.002871856
2/26/2003,0.997703277
2/27/2003,1.004209522
3/3/2003,1.000283624
3/4/2003,0.997402136
3/5/2003,1.002203474
3/6/2003,0.995163389
3/7/2003,1.001404434
3/10/2003,0.994219055
3/11/2003,0.997255465
3/12/2003,1.001107432
3/13/2003,1.000152139
3/14/2003,1.000057538
3/17/2003,1.00274391
3/18/2003,0.996223334
3/19/2003,0.999834427
3/20/2003,1.004365428
3/21/2003,1.001706447
3/24/2003,0.996681599
3/25/2003,1.003694193
3/26/2003,1.002849219
3/27/2003,0.998632833
3/28/2003,0.999718196
4/1/2003,1.005349581
4/2/2003,1.001391049
4/3/2003,0.998310451
4/4/2003,1.000057888
4/7/2003,1.001251791
4/8/2003,1.00359085
4/9/2003,0.999308889
4/10/2003,0.998528277
4/11/2003,0.99737741
4/14/2003,1.004662983
4/15/2003,1.006093195
4/16/2003,0.99913533
4/17/2003,1.00487943
4/21/2003,0.999553515
4/22/2003,1.006685494
4/23/2003,1.00216455
4/24/2003,1.000333339
4/25/2003,0.996143956
4/28/2003,1.003503088
4/29/2003,0.998730663
5/1/2003,1.000870924
5/2/2003,1.000939467
5/5/2003,1.006142716
5/6/2003,1.007376029
5/7/2003,1.003103558
5/8/2003,0.999141528
5/9/2003,1.005454685
5/12/2003,1.006629665
5/13/2003,0.999543113
5/14/2003,1.004961964
5/15/2003,1.001565066
5/16/2003,1.006039826
5/19/2003,0.992605327
5/20/2003,1.009501125
5/21/2003,0.998899785
5/22/2003,1.007866753
5/23/2003,1.002312577
5/27/2003,0.998866413
5/28/2003,0.998107237
5/29/2003,1.000982499
6/2/2003,0.999527549
6/3/2003,1.002612648
6/4/2003,1.007243534
6/5/2003,0.997775017
6/6/2003,1.003126959
6/9/2003,1.001367928
6/10/2003,1.008742541
6/11/2003,1.002302274
6/12/2003,1.002786439
6/13/2003,0.999697806
6/16/2003,1.000885949
6/17/2003,0.997637104
6/18/2003,0.99207612
6/19/2003,0.998423075
6/20/2003,0.999070007
6/23/2003,0.995507481
6/24/2003,1.003307116
6/25/2003,0.994708554
6/26/2003,0.997520098
6/27/2003,0.997287023
7/1/2003,1.004694165
7/2/2003,1.012067197
7/3/2003,0.9947677
7/7/2003,1.010208727
7/8/2003,1.001870067
7/9/2003,0.997073019
7/10/2003,0.989852359
7/11/2003,1.007298169
7/14/2003,1.003339841
7/15/2003,0.989223892
7/16/2003,1.001401973
7/17/2003,0.986997638
7/18/2003,1.007113789
7/21/2003,0.98678719
7/22/2003,1.007298851
7/23/2003,1.000912233
7/24/2003,0.999068142
7/25/2003,1.010234616
7/28/2003,0.99561648
7/29/2003,0.99567855
7/30/2003,1.003446322
8/1/2003,0.995036323
8/4/2003,0.998076792
8/5/2003,0.988177612
8/6/2003,1.001757435
8/7/2003,1.006511482
8/8/2003,1.003908221
8/11/2003,1.004604187
8/12/2003,1.004299573
8/13/2003,1.001196365
8/14/2003,1.009599547
8/15/2003,0.998558513
8/18/2003,1.010775244
8/19/2003,1.00468069
8/20/2003,0.999316256
8/21/2003,1.005092221
8/22/2003,0.995862107
8/25/2003,0.994201777
8/26/2003,1.002957118
8/27/2003,1.003979302
8/28/2003,1.003257624
9/2/2003,1.020980873
9/3/2003,1.006237669
9/4/2003,1.001414334
9/5/2003,0.996569914
9/8/2003,1.009226597
9/9/2003,0.994293919
9/10/2003,0.986328708
9/11/2003,1.004908242
9/12/2003,1.004098123
9/15/2003,0.996063065
9/16/2003,1.014543275
9/17/2003,0.997060132
9/18/2003,1.011043813
9/19/2003,0.998441426
9/22/2003,0.987810182
9/23/2003,1.005709984
9/24/2003,0.989053412
9/25/2003,0.994037456
9/26/2003,0.996990187
9/29/2003,1.009695778
10/1/2003,1.022031665
10/2/2003,1.007916385
10/3/2003,1.011055798
10/6/2003,1.005944956
10/7/2003,0.999511684
10/8/2003,0.999450653
10/9/2003,1.006217236
10/10/2003,1.00588803
10/13/2003,1.00669873
10/14/2003,1.000718725
10/15/2003,0.997628361
10/16/2003,1.002045721
10/17/2003,0.992057413
10/20/2003,1.003011297
10/21/2003,1.0028648
10/22/2003,0.985868915
10/23/2003,0.989546159
10/24/2003,0.997883532
10/27/2003,1.006583921
10/28/2003,1.010157222
10/29/2003,1.003962811
10/30/2003,1.000462118
11/3/2003,1.011714884
11/4/2003,1.001854572
11/5/2003,0.99787557
11/6/2003,1.001014387
11/7/2003,1.000526904
11/10/2003,0.994513455
11/11/2003,0.99282373
11/12/2003,1.015916861
11/13/2003,1.0033022
11/14/2003,0.997939478
11/17/2003,0.988709684
11/18/2003,0.997941862
11/19/2003,1.000464457
11/20/2003,0.990269747
11/21/2003,1.00228927
11/24/2003,1.010856311
11/25/2003,1.004934811
11/26/2003,1.006927435
12/1/2003,1.019158454
12/2/2003,0.996674006
12/3/2003,1.001010569
12/4/2003,0.999367947
12/5/2003,0.995807215
12/8/2003,1.003929057
12/9/2003,0.995601621
12/10/2003,0.996149414
12/11/2003,1.012544156
12/12/2003,1.003615583
12/15/2003,0.996646017
12/16/2003,1.004637074
12/17/2003,0.998139319
12/18/2003,1.010450576
12/19/2003,0.999036066
12/22/2003,1.007648667
12/23/2003,1.000054269
12/24/2003,1.002129893
12/26/2003,1.003626902
12/29/2003,1.009934169
12/30/2003,1.00310861
1/2/2004,1.005798078
1/5/2004,1.014181746
1/6/2004,0.999147983
1/7/2004,0.996669978
1/8/2004,1.006694517
1/9/2004,0.995322634
1/12/2004,1.002642986
1/13/2004,0.995520653
1/14/2004,1.006533123
1/15/2004,0.995140702
1/16/2004,1.000135141
1/20/2004,1.007918081
1/21/2004,1.006277172
1/22/2004,1.000320227
1/23/2004,0.995942284
1/26/2004,1.008882693
1/27/2004,0.998676055
1/28/2004,0.988329078
1/29/2004,0.998949923
2/2/2004,1.005525794
2/3/2004,0.998488183
2/4/2004,0.986844174
2/5/2004,1.003851539
2/6/2004,1.017130007
2/9/2004,1.002420258
2/10/2004,1.004155423
2/11/2004,1.010385246
2/12/2004,0.99276698
2/13/2004,0.997097537
2/17/2004,1.011926713
2/18/2004,0.992997476
2/19/2004,0.998902172
2/20/2004,0.993408719
2/23/2004,0.998923507
2/24/2004,0.998731303
2/25/2004,1.001737493
2/26/2004,1.000594473
3/1/2004,1.016789885
3/2/2004,0.993427298
3/3/2004,1.000719666
3/4/2004,1.003222552
3/5/2004,1.005680597
3/8/2004,0.99390394
3/9/2004,0.9948734
3/10/2004,0.984692938
3/11/2004,0.984358983
3/12/2004,1.010884855
3/15/2004,0.988181406
3/16/2004,1.008793637
3/17/2004,1.017005932
3/18/2004,1.002935373
3/19/2004,0.990105564
3/22/2004,0.988798754
3/23/2004,1.004292526
3/24/2004,0.999292157
3/25/2004,1.014477186
3/26/2004,0.998732511
3/29/2004,1.009654619
3/30/2004,1.00563032
4/1/2004,1.009403428
4/2/2004,1.002205746
4/5/2004,0.992417049
4/6/2004,0.989172353
4/7/2004,1.001556403
4/8/2004,0.993791491
4/12/2004,0.99432758
4/13/2004,0.986836619
4/14/2004,0.992069759
4/15/2004,1.000415357
4/16/2004,1.00900251
4/19/2004,1.000159471
4/20/2004,0.981379908
4/21/2004,1.004139414
4/22/2004,1.010750937
4/23/2004,0.997975651
4/26/2004,0.999050265
4/27/2004,1.000690075
4/28/2004,0.981075606
4/29/2004,0.987152535
5/3/2004,1.005334926
5/4/2004,1.005785006
5/5/2004,1.004824001
5/6/2004,0.986160142
5/7/2004,0.980294848
5/10/2004,0.978269441
5/11/2004,1.011687992
5/12/2004,1.002043313
5/13/2004,0.993388867
5/14/2004,0.996774416
5/17/2004,0.990669913
5/18/2004,1.008152761
5/19/2004,1.007453898
5/20/2004,1.002813473
5/21/2004,1.004317752
5/24/2004,1.004986966
5/25/2004,1.012913639
5/26/2004,1.001251447
5/27/2004,1.012103174
6/1/2004,0.996266875
6/2/2004,1.005190433
6/3/2004,0.987366684
6/4/2004,1.010182293
6/7/2004,1.021258261
6/8/2004,0.995971274
6/9/2004,0.984639953
6/10/2004,1.008276173
6/14/2004,0.977981479
6/15/2004,1.016954206
6/16/2004,0.997811977
6/17/2004,1.002791142
6/18/2004,1.001543945
6/21/2004,1.000718262
6/22/2004,1.003845156
6/23/2004,1.006947053
6/24/2004,1.002332441
6/25/2004,1.000018264
6/28/2004,1.000707929
6/29/2004,0.997891872
7/1/2004,0.992849197
7/2/2004,1.005853763
7/6/2004,0.991854751
7/7/2004,1.004012989
7/8/2004,0.993983878
7/9/2004,1.005160087
7/12/2004,1.002046194
7/13/2004,0.998766272
7/14/2004,0.997270531
7/15/2004,0.996356962
7/16/2004,1.005869064
7/19/2004,0.999964977
7/20/2004,1.001283744
7/21/2004,0.986669321
7/22/2004,1.000330868
7/23/2004,0.992675117
7/26/2004,0.996840009
7/27/2004,0.999625377
7/28/2004,1.002081518
7/29/2004,1.001832675
8/2/2004,1.003549361
8/3/2004,1.000053271
8/4/2004,1.000204237
8/5/2004,0.994444726
8/6/2004,1.005204939
8/9/2004,0.998705173
8/10/2004,1.001599705
8/11/2004,1.002575549
8/12/2004,0.996205981
8/13/2004,1.000946405
8/16/2004,1.00343735
8/17/2004,1.005454264
8/18/2004,1.002827325
8/19/2004,0.998950623
8/20/2004,1.005511752
8/23/2004,0.99602798
8/24/2004,1.003385037
8/25/2004,1.002208288
8/26/2004,1.003018499
8/27/2004,1.000494817
8/30/2004,1.001070011
9/1/2004,0.999883907
9/2/2004,0.999674666
9/3/2004,0.996352015
9/7/2004,1.006354559
9/8/2004,1.002265206
9/9/2004,0.994994882
9/10/2004,1.002043022
9/13/2004,1.001609928
9/14/2004,0.999887676
9/15/2004,0.996133491
9/16/2004,1.007897986
9/17/2004,0.997423361
9/20/2004,1.001335041
9/21/2004,1.0024221
9/22/2004,0.998744677
9/23/2004,0.995808977
9/24/2004,1.001368728
9/27/2004,0.999414438
9/28/2004,1.000870605
9/29/2004,0.996715024
10/1/2004,1.005827939
10/4/2004,1.000557403
10/5/2004,1.001147805
10/6/2004,0.999496796
10/7/2004,0.993690446
10/8/2004,1.006507184
10/11/2004,1.001080452
10/12/2004,0.999631723
10/13/2004,0.998465585
10/14/2004,1.001057391
10/15/2004,1.002701808
10/18/2004,1.002135843
10/19/2004,0.99733793
10/20/2004,1.0031499
10/21/2004,1.00336263
10/22/2004,0.996901409
10/25/2004,1.000298162
10/26/2004,1.003738693
10/27/2004,1.000464947
10/28/2004,1.002746869
11/1/2004,1.001428583
11/2/2004,1.001443808
11/3/2004,1.008557542
11/4/2004,1.011438023
11/5/2004,0.993350108
11/8/2004,0.995559475
11/9/2004,1.000219625
11/10/2004,0.998659309
11/11/2004,1.006443984
11/12/2004,1.015191818
11/15/2004,1.003210082
11/16/2004,0.993559754
11/17/2004,1.006938984
11/18/2004,1.000941229
11/19/2004,0.989639006
11/22/2004,1.004026032
11/23/2004,1.002513136
11/24/2004,1.005615244
11/26/2004,1.003558134
11/29/2004,0.996133615
12/1/2004,1.005762996
12/2/2004,0.996400994
12/3/2004,1.011098022
12/6/2004,1.001741203
12/7/2004,0.995462208
12/8/2004,1.006187024
12/9/2004,0.996355526
12/10/2004,1.000216591
12/13/2004,1.005097457
12/14/2004,1.002518565
12/15/2004,1.006783259
12/16/2004,0.990031426
12/17/2004,0.999155918
12/20/2004,1.004215435
12/21/2004,1.004228503
12/22/2004,0.999324806
12/23/2004,0.999155345
12/27/2004,0.998457797
12/28/2004,1.001182687
12/29/2004,0.999922072
12/30/2004,1.003284539
1/3/2005,0.995707441
1/4/2005,0.983023077
1/5/2005,0.992908543
1/6/2005,1.002849498
1/7/2005,0.998433279
1/10/2005,1.002937016
1/11/2005,0.996452996
1/12/2005,1.004203292
1/13/2005,0.998860191
1/14/2005,1.006266833
1/18/2005,1.005271928
1/19/2005,0.99484057
1/20/2005,0.99488008
1/21/2005,1.001522718
1/24/2005,0.999658705
1/25/2005,0.996532241
1/26/2005,1.006228516
1/27/2005,0.998949184
1/28/2005,1.002899221
2/1/2005,1.008699249
2/2/2005,1.00366273
2/3/2005,0.995171059
2/4/2005,1.009814214
2/7/2005,0.997864947
2/8/2005,1.000553262
2/9/2005,0.996612323
2/10/2005,1.006005053
2/11/2005,1.007278434
2/14/2005,1.005476007
2/15/2005,1.003868492
2/16/2005,0.996972455
2/17/2005,0.996793643
2/18/2005,1.003250124
2/22/2005,0.990390426
2/23/2005,1.002132591
2/24/2005,1.004367584
2/25/2005,1.013984735
3/1/2005,1.005777883
3/2/2005,0.993905394
3/3/2005,1.000840502
3/4/2005,1.015269185
3/7/2005,1.001226856
3/8/2005,0.996179875
3/9/2005,0.990199422
3/10/2005,1.002602757
3/11/2005,0.994715599
3/14/2005,1.000915302
3/15/2005,0.990744925
3/16/2005,0.99438661
3/17/2005,1.004692574
3/18/2005,0.997257599
3/21/2005,0.992817101
3/22/2005,0.986936967
3/23/2005,0.994691083
3/24/2005,1.000813568
3/28/2005,1.001939871
3/29/2005,0.987238859
3/30/2005,1.013740336
4/1/2005,0.998955857
4/4/2005,1.000817066
4/5/2005,1.003454025
4/6/2005,1.004201147
4/7/2005,1.002911114
4/8/2005,0.996700154
4/11/2005,1.000932838
4/12/2005,1.006177176
4/13/2005,0.989400922
4/14/2005,0.988346885
4/15/2005,0.991216811
4/18/2005,0.999771036
4/19/2005,1.012754382
4/20/2005,0.987193452
4/21/2005,1.013005695
4/22/2005,0.997596212
4/25/2005,1.007917025
4/26/2005,0.99128076
4/27/2005,1.000327503
4/28/2005,0.991693822
5/2/2005,1.000854897
5/3/2005,1.0017377
5/4/2005,1.003379899
5/5/2005,1.003263433
5/6/2005,0.99426907
5/9/2005,1.002881442
5/10/2005,0.998080264
5/11/2005,1.002812212
5/12/2005,0.996143613
5/13/2005,0.998694348
5/16/2005,1.00344938
5/17/2005,1.002030679
5/18/2005,1.008701054
5/19/2005,1.000584174
5/20/2005,0.999667218
5/23/2005,1.004706115
5/24/2005,0.999342582
5/25/2005,0.9949432
5/26/2005,1.000661145
5/27/2005,1.002922316
6/1/2005,1.009438478
6/2/2005,1.001103295
6/3/2005,0.994210758
6/6/2005,1.004283123
6/7/2005,1.0034411
6/8/2005,0.998304829
6/9/2005,1.001065831
6/10/2005,0.994908417
6/13/2005,0.999411548
6/14/2005,1.000000163
6/15/2005,1.000938387
6/16/2005,1.004155591
6/17/2005,1.003012463
6/20/2005,0.997982081
6/21/2005,1.000780962
6/22/2005,1.006577025
6/23/2005,0.994685986
6/24/2005,0.999240221
6/27/2005,1.002334691
6/28/2005,0.999743648
6/29/2005,0.99889937
7/1/2005,0.992860935
7/5/2005,0.996863924
7/6/2005,1.000636058
7/7/2005,1.002638404
7/8/2005,1.00064336
7/11/2005,1.004597022
7/12/2005,0.999909276
7/13/2005,0.996608235
7/14/2005,0.994939897
7/15/2005,1.001456349
7/18/2005,0.99811479
7/19/2005,1.002864572
7/20/2005,1.004695417
7/21/2005,0.994433694
7/22/2005,1.004384304
7/25/2005,0.998436124
7/26/2005,1.001404491
7/27/2005,1.000832535
7/28/2005,1.00812924
8/1/2005,1.006202879
8/2/2005,1.007453915
8/3/2005,1.003774636
8/4/2005,0.993410763
8/5/2005,0.988133111
8/8/2005,0.994784619
8/9/2005,1.009461962
8/10/2005,1.003326015
8/11/2005,1.009152103
8/12/2005,0.995459535
8/15/2005,1.001645168
8/16/2005,0.994307396
8/17/2005,0.994271148
8/18/2005,0.993374259
8/19/2005,0.999570029
8/22/2005,1.00428482
8/23/2005,0.997534732
8/24/2005,0.993650571
8/25/2005,1.004955041
8/26/2005,0.9939383
8/29/2005,1.00350077
8/30/2005,0.993810081
9/1/2005,1.001567149
9/2/2005,1.000610033
9/6/2005,1.004067459
9/7/2005,0.996828667
9/8/2005,0.998671823
9/9/2005,1.005012848
9/12/2005,0.996830128
9/13/2005,0.998716585
9/14/2005,0.997214871
9/15/2005,0.998441406
9/16/2005,1.00012602
9/19/2005,0.999376262
9/20/2005,0.997960004
9/21/2005,1.000012244
9/22/2005,1.000298814
9/23/2005,0.996468029
9/26/2005,1.000310217
9/27/2005,0.999029453
9/28/2005,1.003093284
9/29/2005,1.004143241
10/3/2005,0.997814041
10/4/2005,0.99405604
10/5/2005,0.986468468
10/6/2005,0.994667584
10/7/2005,1.006094806
10/10/2005,0.996142089
10/11/2005,1.002017755
10/12/2005,0.98555547
10/13/2005,1.000433754
10/14/2005,1.00515891
10/17/2005,1.001079627
10/18/2005,0.986720789
10/19/2005,1.004350275
10/20/2005,0.979745683
10/21/2005,1.012316925
10/24/2005,1.011987523
10/25/2005,1.000455541
10/26/2005,0.998362241
10/27/2005,0.994282652
10/28/2005,1.013655278
11/1/2005,0.998686154
11/2/2005,1.01080705
11/3/2005,0.998086174
11/4/2005,0.993477653
11/7/2005,1.004678392
11/8/2005,0.99745066
11/9/2005,1.006205881
11/10/2005,1.004131518
11/11/2005,1.007049842
11/14/2005,0.994018706
11/15/2005,0.99571476
11/16/2005,1.007022442
11/17/2005,1.016061551
11/18/2005,1.004140968
11/21/2005,1.005602701
11/22/2005,1.004739328
11/23/2005,1.003277271
11/25/2005,0.998233637
11/28/2005,0.999605682
11/29/2005,0.999226829
12/1/2005,1.018335788
12/2/2005,1.001634429
12/5/2005,1.004041379
12/6/2005,1.004509922
12/7/2005,0.99661544
12/8/2005,1.000756342
12/9/2005,1.008266489
12/12/2005,1.006715399
12/13/2005,1.001951985
12/14/2005,0.994781053
12/15/2005,0.99459651
12/16/2005,1.001987301
12/19/2005,0.997780183
12/20/2005,0.996810874
12/21/2005,1.006724157
12/22/2005,1.006903286
12/23/2005,1.000877584
12/27/2005,0.993763179
12/28/2005,1.008052481
12/29/2005,0.999666216
1/3/2006,1.028581843
1/4/2006,1.007307915
1/5/2006,0.995273284
1/6/2006,1.015262167
1/9/2006,1.004178712
1/10/2006,0.993148716
1/11/2006,1.007684114
1/12/2006,0.993381653
1/13/2006,1.004158534
1/17/2006,0.990306763
1/18/2006,0.987801605
1/19/2006,1.015975992
1/20/2006,0.982012956
1/23/2006,1.013010518
1/24/2006,1.004436087
1/25/2006,1.001890782
1/26/2006,1.010078527
1/27/2006,1.007091363
1/30/2006,1.002040161
2/1/2006,1.00209199
2/2/2006,0.991300276
2/3/2006,0.992451491
2/6/2006,1.004289764
2/7/2006,0.984029573
2/8/2006,1.001480938
2/9/2006,1.00665674
2/10/2006,0.994422505
2/13/2006,0.989311008
2/14/2006,1.013215816
2/15/2006,0.995734891
2/16/2006,1.01235603
2/17/2006,1.001007268
2/21/2006,1.000157066
2/22/2006,1.007640167
2/23/2006,0.997805947
2/24/2006,1.004963425
2/27/2006,1.001819379
3/1/2006,1.009276101
3/2/2006,0.999049158
3/3/2006,0.993505204
3/6/2006,0.998210975
3/7/2006,0.984690468
3/8/2006,0.999790822
3/9/2006,1.00406581
3/10/2006,1.010274086
3/13/2006,1.004066175
3/14/2006,1.013138487
3/15/2006,1.007905491
3/16/2006,1.003082694
3/17/2006,1.00623535
3/20/2006,0.998115688
3/21/2006,0.987598635
3/22/2006,1.006553429
3/23/2006,0.99445185
3/24/2006,1.006816372
3/27/2006,0.998610464
3/28/2006,0.995568293
3/29/2006,1.018280375
3/30/2006,1.004605245
4/3/2006,1.00427296
4/4/2006,1.003463074
4/5/2006,1.006536049
4/6/2006,0.998550872
4/7/2006,0.98713925
4/10/2006,1.001438202
4/11/2006,0.992421613
4/12/2006,0.999504148
4/13/2006,0.999315793
4/17/2006,1.005690338
4/18/2006,1.021826422
4/19/2006,1.012333127
4/20/2006,0.991415395
4/21/2006,1.009455244
4/24/2006,0.993925774
4/25/2006,0.998494683
4/26/2006,1.007076864
4/27/2006,0.999132361
5/1/2006,0.995868198
5/2/2006,1.01175531
5/3/2006,0.997135668
5/4/2006,1.009752197
5/5/2006,1.016350058
5/8/2006,1.00087045
5/9/2006,1.006917394
5/10/2006,0.99728227
5/11/2006,0.987574784
5/12/2006,0.986556078
5/15/2006,0.988773429
5/16/2006,1.002111041
5/17/2006,0.972024391
5/18/2006,0.995300177
5/19/2006,1.001164056
5/22/2006,0.97931522
5/23/2006,1.000293603
5/24/2006,0.993560255
5/25/2006,1.019929687
5/26/2006,1.006291136
5/30/2006,0.983448721
6/1/2006,1.006903363
6/2/2006,1.010920421
6/5/2006,0.983590938
6/6/2006,0.988645697
6/7/2006,0.989777166
6/8/2006,0.982371478
6/9/2006,0.997706192
6/12/2006,0.984639843
6/13/2006,0.969599385
6/14/2006,1.011266236
6/15/2006,1.031906925
6/16/2006,0.996472022
6/19/2006,0.986080393
6/20/2006,1.006137025
6/21/2006,1.016783495
6/22/2006,0.991926794
6/23/2006,0.997626196
6/26/2006,1.007685241
6/27/2006,0.986567493
6/28/2006,1.010079906
6/29/2006,1.036747587
7/3/2006,1.013326484
7/5/2006,0.994580091
7/6/2006,1.005616918
7/7/2006,0.994220444
7/10/2006,1.001235616
7/11/2006,1.009095276
7/12/2006,0.998232642
7/13/2006,0.989695326
7/14/2006,0.99594631
7/17/2006,0.989577067
7/18/2006,1.000935249
7/19/2006,1.017681146
7/20/2006,0.989232046
7/21/2006,0.991920744
7/24/2006,1.012225469
7/25/2006,1.00181045
7/26/2006,1.002759534
7/27/2006,1.004078637
7/28/2006,1.009165735
8/1/2006,1.000027927
8/2/2006,1.006549997
8/3/2006,0.99968302
8/4/2006,1.00374088
8/7/2006,0.999820866
8/8/2006,0.990210355
8/9/2006,0.999326283
8/10/2006,0.995947971
8/11/2006,0.99334186
8/14/2006,0.999837382
8/15/2006,1.010094679
8/16/2006,1.003395539
8/17/2006,0.993794831
8/18/2006,1.003322772
8/21/2006,1.004344115
8/22/2006,1.000015448
8/23/2006,0.993418374
8/24/2006,1.003579284
8/25/2006,0.999977413
8/28/2006,1.001342449
8/29/2006,1.000810912
8/30/2006,1.006274051
9/1/2006,1.000283023
9/5/2006,1.005527139
9/6/2006,0.989651665
9/7/2006,0.989056113
9/8/2006,0.99988698
9/11/2006,0.986994938
9/12/2006,1.004374967
9/13/2006,1.004393182
9/14/2006,0.99443096
9/15/2006,1.00062905
9/18/2006,1.005501956
9/19/2006,0.991087593
9/20/2006,1.00415215
9/21/2006,1.000344101
9/22/2006,0.997935925
9/25/2006,1.002635672
9/26/2006,1.004261833
9/27/2006,1.009114098
9/28/2006,1.001886494
10/2/2006,1.001216431
10/3/2006,1.001040592
10/4/2006,1.007677049
10/5/2006,0.997654972
10/6/2006,0.993513967
10/9/2006,1.002878826
10/10/2006,0.995494181
10/11/2006,0.998461292
10/12/2006,1.003754837
10/13/2006,0.999593127
10/16/2006,1.002658484
10/17/2006,0.998870545
10/18/2006,1.001434933
10/19/2006,1.000144195
10/20/2006,1.000104163
10/23/2006,0.999053234
10/24/2006,1.000496205
10/25/2006,1.00517565
10/26/2006,1.00532733
10/27/2006,1.000085578
10/30/2006,1.001644178
11/1/2006,0.999442406
11/2/2006,0.996168097
11/3/2006,0.992675207
11/6/2006,1.006507895
11/7/2006,1.002508336
11/8/2006,1.002625212
11/9/2006,0.998783553
11/10/2006,1.002678442
11/13/2006,1.000139421
11/14/2006,1.004868547
11/15/2006,0.999365341
11/16/2006,0.999320522
11/17/2006,1.001769888
11/20/2006,1.00484699
11/21/2006,1.003887535
11/22/2006,1.00250366
11/24/2006,1.000008899
11/27/2006,0.992913796
11/28/2006,1.003452398
11/29/2006,1.004078461
12/1/2006,0.998413564
12/4/2006,1.00785216
12/5/2006,1.002278839
12/6/2006,0.997466999
12/7/2006,0.997264658
12/8/2006,0.997818571
12/11/2006,1.00467529
12/12/2006,0.998975141
12/13/2006,0.999065694
12/14/2006,1.004052158
12/15/2006,0.998787815
12/18/2006,0.998245867
12/19/2006,0.999608553
12/20/2006,1.000834684
12/21/2006,0.998888475
12/22/2006,0.994242342
12/26/2006,1.004960742
12/27/2006,1.005037941
12/28/2006,0.999606765
1/3/2007,1.004557712
1/4/2007,0.999048507
1/5/2007,0.987871599
1/8/2007,1.002880136
1/9/2007,0.997778717
1/10/2007,1.000328681
1/11/2007,1.005125677
1/12/2007,1.005793681
1/16/2007,1.0018988
1/17/2007,0.999210773
1/18/2007,0.99743865
1/19/2007,1.005598843
1/22/2007,0.997619587
1/23/2007,1.004295957
1/24/2007,1.006220207
1/25/2007,0.988640257
1/26/2007,1.001394719
1/29/2007,0.998574078
1/30/2007,1.005220047
2/1/2007,1.007369406
2/2/2007,0.999922092
2/5/2007,0.998069612
2/6/2007,1.006461884
2/7/2007,1.003331565
2/8/2007,0.995125577
2/9/2007,0.992897768
2/12/2007,0.994498162
2/13/2007,1.01321292
2/14/2007,1.009586526
2/15/2007,1.002596001
2/16/2007,0.999425733
2/20/2007,1.002612335
2/21/2007,0.997624797
2/22/2007,1.0000626
2/23/2007,0.99756816
2/26/2007,1.001019132
2/27/2007,0.955459538
3/1/2007,0.991946741
3/2/2007,0.984585093
3/5/2007,0.978593421
3/6/2007,1.028042278
3/7/2007,0.999089713
3/8/2007,1.011142548
3/9/2007,1.005856023
3/12/2007,1.004289175
3/13/2007,0.97676229
3/14/2007,1.000736895
3/15/2007,1.006267749
3/16/2007,0.996991419
3/19/2007,1.015186092
3/20/2007,1.007935959
3/21/2007,1.020745263
3/22/2007,0.996532868
3/23/2007,1.001958035
3/26/2007,0.995691141
3/27/2007,0.99484672
3/28/2007,0.990437978
3/29/2007,1.007325571
4/2/2007,1.001646855
4/3/2007,1.005355914
4/4/2007,1.006750329
4/5/2007,1.00289268
4/9/2007,0.997366329
4/10/2007,1.008353658
4/11/2007,0.994686608
4/12/2007,1.006079088
4/13/2007,1.005533437
4/16/2007,1.008102427
4/17/2007,0.995021686
4/18/2007,0.999661992
4/19/2007,0.994777843
4/20/2007,1.011415267
4/23/2007,0.997193528
4/24/2007,0.994361081
4/25/2007,1.010308794
4/26/2007,0.993238247
4/27/2007,1.002362576
5/1/2007,0.999689232
5/2/2007,1.011008226
5/3/2007,1.003868679
5/4/2007,1.00373887
5/7/2007,1.00219741
5/8/2007,0.992383546
5/9/2007,1.005840652
5/10/2007,0.98634028
5/11/2007,1.014119373
5/14/2007,0.99489946
5/15/2007,0.998983848
5/16/2007,1.001223242
5/17/2007,0.993601045
5/18/2007,1.003481917
5/21/2007,0.999415001
5/22/2007,1.001995418
5/23/2007,0.999814325
5/24/2007,0.986798966
5/25/2007,1.005851706
5/29/2007,1.005719707
5/30/2007,1.0104425
6/1/2007,1.008258915
6/4/2007,1.002029895
6/5/2007,0.995564371
6/6/2007,0.98559779
6/7/2007,0.983566687
6/8/2007,1.009887866
6/11/2007,1.000720542
6/12/2007,0.985619374
6/13/2007,1.012643241
6/14/2007,1.006218702
6/15/2007,1.01042728
6/18/2007,0.999197809
6/19/2007,1.00218761
6/20/2007,0.989055727
6/21/2007,1.00613355
6/22/2007,0.989914103
6/25/2007,0.992305544
6/26/2007,0.995678091
6/27/2007,1.008547257
6/28/2007,1.001441846
7/2/2007,1.011008188
7/3/2007,1.003651519
7/5/2007,1.000190868
7/6/2007,1.009475491
7/9/2007,1.00002846
7/10/2007,0.989606315
7/11/2007,1.007028947
7/12/2007,1.012840957
7/13/2007,1.003758393
7/16/2007,0.99376066
7/17/2007,0.996683848
7/18/2007,0.998134507
7/19/2007,1.004298961
7/20/2007,0.994582896
7/23/2007,1.003384055
7/24/2007,0.980657831
7/25/2007,1.003339097
7/26/2007,0.968968627
7/27/2007,0.987866829
7/30/2007,1.012210411
8/1/2007,0.998502689
8/2/2007,1.001932212
8/3/2007,0.996961442
8/6/2007,0.998520711
8/7/2007,1.001722107
8/8/2007,1.0032051
8/9/2007,0.989180095
8/10/2007,0.999610518
8/13/2007,0.999528916
8/14/2007,0.998695773
8/15/2007,0.995099598
8/16/2007,0.993110633
8/17/2007,1.006030238
8/20/2007,1.0017261
8/21/2007,1.000885686
8/22/2007,1.006535889
8/23/2007,1.00076763
8/24/2007,1.009079919
8/27/2007,1.000313462
8/28/2007,0.992820863
8/29/2007,1.007781196
8/30/2007,1.000639434
9/4/2007,1.012069808
9/5/2007,0.995571825
9/6/2007,1.005799408
9/7/2007,0.997167547
9/10/2007,1.001657248
9/11/2007,1.011516702
9/12/2007,1.004041192
9/13/2007,0.999712899
9/14/2007,0.998483456
9/17/2007,1.002876756
9/18/2007,1.020759118
9/19/2007,1.00342579
9/20/2007,1.007972544
9/21/2007,1.003334906
9/24/2007,0.999981269
9/25/2007,0.996809074
9/26/2007,1.002209122
9/27/2007,1.014479206
10/1/2007,1.005581854
10/2/2007,0.988822085
10/3/2007,0.994353956
10/4/2007,1.009607633
10/5/2007,1.009797114
10/8/2007,0.987146888
10/9/2007,1.009465597
10/10/2007,1.004025594
10/11/2007,1.003787033
10/12/2007,1.007752926
10/15/2007,1.002311192
10/16/2007,0.994953936
10/17/2007,1.001210242
10/18/2007,1.01015545
10/19/2007,0.985549963
10/22/2007,0.996322802
10/23/2007,1.007177722
10/24/2007,1.000774422
10/25/2007,1.011056403
10/26/2007,1.018057909
10/29/2007,1.010192903
10/30/2007,0.986512405
11/1/2007,0.992244722
11/2/2007,1.012315504
11/5/2007,0.993035906
11/6/2007,1.01368534
11/7/2007,0.996339006
11/8/2007,1.000631584
11/9/2007,0.997104559
11/12/2007,0.97911454
11/13/2007,1.007420977
11/14/2007,1.007592713
11/15/2007,0.990420802
11/16/2007,1.002345409
11/19/2007,0.99422881
11/20/2007,1.016351943
11/21/2007,0.994866645
11/23/2007,1.013637577
11/26/2007,0.998280659
11/27/2007,0.996701467
11/28/2007,1.003073707
11/29/2007,0.997574789
12/3/2007,1.0057448
12/4/2007,1.002766289
12/5/2007,0.995990219
12/6/2007,1.0006503
12/7/2007,0.991937604
12/10/2007,0.999966393
12/11/2007,1.009620553
12/12/2007,0.99987099
12/13/2007,0.987372107
12/14/2007,0.99504258
12/17/2007,1.000294667
12/18/2007,1.005598107
12/19/2007,1.008346309
12/20/2007,0.997554845
12/21/2007,0.999588996
12/24/2007,1.000056162
12/26/2007,1.000501981
12/27/2007,1.004280139
12/28/2007,1.009366915
1/2/2008,1.013525426
1/3/2008,1.003507576
1/4/2008,0.997177627
1/7/2008,0.998749206
1/8/2008,1.004777402
1/9/2008,1.000229676
1/10/2008,0.998561512
1/11/2008,1.004239964
1/14/2008,1.005714052
1/15/2008,0.997440427
1/16/2008,0.990992757
1/17/2008,1.002229112
1/18/2008,1.001101475
1/22/2008,1.006024741
1/23/2008,0.994668122
1/24/2008,1.000102725
1/25/2008,1.010546111
1/28/2008,1.002394074
1/29/2008,0.996803544
1/30/2008,0.997480892
2/1/2008,0.997960929
2/4/2008,0.998346436
2/5/2008,0.996469502
2/6/2008,0.998570658
2/7/2008,0.995372202
2/8/2008,1.012685915
2/11/2008,1.004398702
2/12/2008,0.992368305
2/13/2008,0.999263939
2/14/2008,0.997507641
2/15/2008,1.001376148
2/19/2008,1.005634594
2/20/2008,1.005414257
2/21/2008,1.00409647
2/22/2008,1.001419919
2/25/2008,0.997481747
2/26/2008,1.007509131
2/27/2008,1.003122524
2/28/2008,1.010996797
3/3/2008,1.003366828
3/4/2008,0.990146596
3/5/2008,1.00613471
3/6/2008,0.999681995
3/7/2008,0.997700725
3/10/2008,1.006804254
3/11/2008,1.003474958
3/12/2008,1.009917207
3/13/2008,0.998074381
3/14/2008,1.003239436
3/17/2008,0.99488182
3/18/2008,1.000597493
3/19/2008,0.987505288
3/20/2008,0.990696861
3/24/2008,0.99608905
3/25/2008,1.009957311
3/26/2008,1.005410917
3/27/2008,0.998848411
3/28/2008,0.996503451
4/1/2008,0.990740861
4/2/2008,1.007417161
4/3/2008,1.001699905
4/4/2008,1.007855412
4/7/2008,1.000207763
4/8/2008,0.9971583
4/9/2008,1.009444094
4/10/2008,0.995985628
4/11/2008,0.999436524
4/14/2008,0.998693778
4/15/2008,0.998913009
4/16/2008,1.003637306
4/17/2008,0.995189474
4/18/2008,0.997934096
4/21/2008,1.000822757
4/22/2008,1.000701046
4/23/2008,0.995974831
4/24/2008,0.9890933
4/25/2008,1.00229841
4/28/2008,1.002448121
4/29/2008,0.993622987
5/1/2008,0.994726468
5/2/2008,0.998459518
5/5/2008,1.006019376
5/6/2008,1.000369249
5/7/2008,0.998252127
5/8/2008,1.009206252
5/9/2008,1.00308886
5/12/2008,0.997999934
5/13/2008,0.9929523
5/14/2008,0.998028985
5/15/2008,1.010205067
5/16/2008,1.003271962
5/19/2008,1.002632014
5/20/2008,1.00466704
5/21/2008,1.002949373
5/22/2008,0.990401974
5/23/2008,1.002696977
5/27/2008,0.992575599
5/28/2008,0.996127164
5/29/2008,0.989202517
6/2/2008,1.004205926
6/3/2008,0.999405909
6/4/2008,0.994659753
6/5/2008,1.00326954
6/6/2008,1.009609843
6/9/2008,0.994661165
6/10/2008,0.992261226
6/11/2008,1.004686982
6/12/2008,0.992513922
6/13/2008,1.000122507
6/16/2008,1.003209837
6/17/2008,1.000491519
6/18/2008,1.006149136
6/19/2008,0.995367581
6/20/2008,1.002504647
6/23/2008,0.996526068
6/24/2008,1.004388965
6/25/2008,1.00114843
6/26/2008,1.00965705
6/27/2008,1.005846645
7/1/2008,1.002622778
7/2/2008,1.002959926
7/3/2008,0.997195022
7/7/2008,0.998159473
7/8/2008,1.005494229
7/9/2008,0.995653161
7/10/2008,1.007707232
7/11/2008,0.996271762
7/14/2008,1.001813406
7/15/2008,0.996980161
7/16/2008,0.994563069
7/17/2008,0.995567237
7/18/2008,0.995756045
7/21/2008,1.004830774
7/22/2008,0.995726419
7/23/2008,0.99554209
7/24/2008,0.999856738
7/25/2008,0.995835138
7/28/2008,1.00315454
7/29/2008,1.000533025
7/30/2008,1.001095988
8/1/2008,0.997607521
8/4/2008,0.990628681
8/5/2008,1.001713144
8/6/2008,0.996617747
8/7/2008,1.00350503
8/8/2008,1.00227316
8/11/2008,0.99811989
8/12/2008,1.001620869
8/13/2008,0.997746073
8/14/2008,1.002474647
8/15/2008,1.001354907
8/18/2008,1.002309094
8/19/2008,0.996060212
8/20/2008,1.004480212
8/21/2008,1.002989164
8/22/2008,0.995671174
8/25/2008,1.001883626
8/26/2008,1.001758787
8/27/2008,1.003335554
8/28/2008,1.001008082
9/2/2008,1.0020061
9/3/2008,1.00243193
9/4/2008,0.996291195
9/5/2008,0.998852154
9/8/2008,1.006894687
9/9/2008,0.993706294
9/10/2008,0.998257548
9/11/2008,1.001153367
9/12/2008,0.996321738
9/15/2008,1.002055865
9/16/2008,1.001243738
9/17/2008,0.998427958
9/18/2008,1.000442056
9/19/2008,0.994246836
9/22/2008,0.992677296
9/23/2008,0.995180188
9/24/2008,1.001431059
9/25/2008,1.003303171
9/26/2008,1.002089739
9/29/2008,0.992727696
10/1/2008,1.003227866
10/2/2008,0.987969846
10/3/2008,0.997737008
10/6/2008,1.00441428
10/7/2008,0.99847848
10/8/2008,0.993846889
10/9/2008,0.98428918
10/10/2008,0.983646132
10/13/2008,1.00246049
10/14/2008,0.990065653
10/15/2008,0.993663091
10/16/2008,0.994591742
10/17/2008,0.998741849
10/20/2008,1.007128694
10/21/2008,0.996950424
10/22/2008,0.994067485
10/23/2008,1.000849919
10/24/2008,0.989789293
10/27/2008,0.996642374
10/28/2008,1.004522932
10/29/2008,1.00340096
10/30/2008,0.99024545
11/3/2008,1.001834882
11/4/2008,1.023983321
11/5/2008,0.996912223
11/6/2008,0.985191897
11/7/2008,1.003230908
11/10/2008,1.003079899
11/11/2008,0.995028352
11/12/2008,0.996587928
11/13/2008,1.001800066
11/14/2008,1.004351695
11/17/2008,1.001194811
11/18/2008,1.008421676
11/19/2008,1.003334563
11/20/2008,1.019838631
11/21/2008,1.005830503
11/24/2008,1.001140659
11/25/2008,1.016640384
11/26/2008,1.006236819
12/1/2008,0.99733397
12/2/2008,1.01198442
12/3/2008,1.002876556
12/4/2008,1.002338102
12/5/2008,0.992731841
12/8/2008,1.00625301
12/9/2008,1.007476796
12/10/2008,1.00608399
12/11/2008,1.002472558
12/12/2008,1.004172149
12/15/2008,1.005065782
12/16/2008,1.024070225
12/17/2008,1.010745042
12/18/2008,1.002415538
12/19/2008,0.996402536
12/22/2008,0.996707752
12/23/2008,0.996199992
12/24/2008,1.001456089
12/26/2008,1.00820454
12/29/2008,1.002087008
12/30/2008,1.006498624
1/2/2009,0.989458218
1/5/2009,0.988401044
1/6/2009,0.998249427
1/7/2009,0.994031616
1/8/2009,1.005188438
1/9/2009,0.998739856
1/12/2009,0.99763318
1/13/2009,0.999609649
1/14/2009,1.000407979
1/15/2009,1.001837049
1/16/2009,0.996556499
1/20/2009,0.995143297
1/21/2009,0.993565655
1/22/2009,0.990112595
1/23/2009,1.004936302
1/26/2009,0.997931611
1/27/2009,1.010467128
1/28/2009,0.993483256
1/29/2009,0.986664323
2/2/2009,1.003091729
2/3/2009,0.994019231
2/4/2009,0.998547814
2/5/2009,1.003949122
2/6/2009,0.999321218
2/9/2009,0.995894611
2/10/2009,1.004868446
2/11/2009,1.010519916
2/12/2009,0.999307482
2/13/2009,0.986422313
2/17/2009,1.010884699
2/18/2009,0.997761305
2/19/2009,0.989906858
2/20/2009,1.004356316
2/23/2009,0.99493003
2/24/2009,1.000325746
2/25/2009,0.987782053
2/26/2009,0.993895289
3/2/2009,0.994722199
3/3/2009,0.995496908
3/4/2009,1.001023055
3/5/2009,1.008141462
3/6/2009,0.997088554
3/9/2009,0.990777845
3/10/2009,1.001536486
3/11/2009,1.00817525
3/12/2009,1.00985461
3/13/2009,1.001136575
3/16/2009,0.995540719
3/17/2009,1.004906176
3/18/2009,1.032011549
3/19/2009,0.998658296
3/20/2009,0.992462604
3/23/2009,1.012754577
3/24/2009,0.993190602
3/25/2009,1.001773828
3/26/2009,1.00714921
3/27/2009,0.994511939
3/30/2009,0.991928968
4/1/2009,1.010652558
4/2/2009,0.999794587
4/3/2009,0.988896408
4/6/2009,0.989833585
4/7/2009,1.001446331
4/8/2009,1.005892568
4/9/2009,1.003114281
4/13/2009,1.008134719
4/14/2009,0.999429147
4/15/2009,1.002249209
4/16/2009,0.994877854
4/17/2009,0.993301467
4/20/2009,1.001528939
4/21/2009,0.999778534
4/22/2009,0.998386666
4/23/2009,1.004812207
4/24/2009,1.001924066
4/27/2009,0.997655436
4/28/2009,0.989912534
4/29/2009,1.003147032
5/1/2009,0.998972626
5/4/2009,1.014992714
5/5/2009,0.996827712
5/6/2009,1.006152671
5/7/2009,0.986877765
5/8/2009,1.010155988
5/11/2009,1.00068083
5/12/2009,1.004355612
5/13/2009,0.998486175
5/14/2009,1.00311609
5/15/2009,0.997882084
5/18/2009,1.001037882
5/19/2009,1.001921093
5/20/2009,1.007030653
5/21/2009,0.99129739
5/22/2009,0.996772196
5/26/2009,0.996760052
5/27/2009,0.988268983
5/28/2009,1.01111797
6/1/2009,1.018302272
6/2/2009,1.004258211
6/3/2009,0.972519893
6/4/2009,1.018672745
6/5/2009,0.985415097
6/8/2009,0.995820269
6/9/2009,1.007747781
6/10/2009,1.002139225
6/11/2009,1.008343262
6/12/2009,0.989748151
6/15/2009,0.976790218
6/16/2009,0.995175251
6/17/2009,1.001765059
6/18/2009,0.996246308
6/19/2009,1.003525346
6/22/2009,0.972344565
6/23/2009,1.010531613
6/24/2009,1.005796802
6/25/2009,1.016675146
6/26/2009,0.999853289
6/29/2009,1.00522641
7/1/2009,1.0111374
7/2/2009,0.978620556
7/6/2009,0.993169922
7/7/2009,0.981854478
7/8/2009,0.987945001
7/9/2009,1.008638834
7/10/2009,0.996247741
7/13/2009,1.010140559
7/14/2009,1.008390231
7/15/2009,1.028828092
7/16/2009,1.006156238
7/17/2009,1.002019032
7/20/2009,1.020279076
7/21/2009,0.998372615
7/22/2009,1.001673112
7/23/2009,1.014646517
7/24/2009,1.001335875
7/27/2009,1.001249434
7/28/2009,0.9920078
7/29/2009,0.985169823
7/30/2009,1.017674176
8/3/2009,1.0239062
8/4/2009,0.99922025
8/5/2009,0.996953137
8/6/2009,0.996091224
8/7/2009,1.003841919
8/10/2009,0.995989398
8/11/2009,0.9890436
8/12/2009,1.013166891
8/13/2009,1.01065362
8/14/2009,0.995401796
8/17/2009,0.968700566
8/18/2009,1.01478002
8/19/2009,1.002086962
8/20/2009,1.012682063
8/21/2009,1.017646366
8/24/2009,1.000871845
8/25/2009,1.005235371
8/26/2009,0.999438154
8/27/2009,1.003922039
8/28/2009,0.998683067
9/1/2009,0.971860981
9/2/2009,0.998688595
9/3/2009,1.013031632
9/4/2009,1.017040378
9/8/2009,1.018969738
9/9/2009,1.012131504
9/10/2009,1.012007102
9/11/2009,0.998039265
9/14/2009,1.00655465
9/15/2009,1.007342779
9/16/2009,1.02190054
9/17/2009,0.995229526
9/18/2009,1.002059235
9/21/2009,0.990554024
9/22/2009,1.014208806
9/23/2009,0.98503447
9/24/2009,0.980987174
9/25/2009,0.998126085
9/28/2009,1.018457445
9/29/2009,0.995638509
10/1/2009,0.972583977
10/2/2009,0.996887997
10/5/2009,1.014911629
10/6/2009,1.014233123
10/7/2009,1.002695925
10/8/2009,1.012101328
10/9/2009,1.00121117
10/12/2009,1.005011998
10/13/2009,0.996969804
10/14/2009,1.026628824
10/15/2009,0.999761891
10/16/2009,0.986396063
10/19/2009,1.016004734
10/20/2009,0.993500824
10/21/2009,0.993634973
10/22/2009,1.011704708
10/23/2009,0.985184681
10/26/2009,0.987356437
10/27/2009,0.9894282
10/28/2009,0.967403812
10/29/2009,1.032796098
11/2/2009,1.008991314
11/3/2009,1.000861287
11/4/2009,1.006649145
11/5/2009,1.016595688
11/6/2009,0.99877904
11/9/2009,1.032689043
11/10/2009,0.994989276
11/11/2009,1.007790926
11/12/2009,0.985991057
11/13/2009,1.012731569
11/16/2009,1.017140634
11/17/2009,0.995265612
11/18/2009,0.999306071
11/19/2009,0.982866428
11/20/2009,0.99341835
11/23/2009,1.015169671
11/24/2009,0.99589104
11/25/2009,1.007763989
11/27/2009,0.971367269
12/1/2009,1.020479475
12/2/2009,1.008258968
12/3/2009,0.992854904
12/4/2009,0.991777231
12/7/2009,0.99230365
12/8/2009,0.981305587
12/9/2009,1.002444315
12/10/2009,0.99963991
12/11/2009,0.998383045
12/14/2009,1.010416609
12/15/2009,0.992915337
12/16/2009,1.008505418
12/17/2009,0.974371276
12/18/2009,1.005731544
12/21/2009,0.997898415
12/22/2009,1.001915713
12/23/2009,1.009181712
12/24/2009,1.009351782
12/28/2009,1.003632216
12/29/2009,0.995522458
12/30/2009,1.000144349
1/4/2010,1.018729671
1/5/2010,1.004493144
1/6/2010,0.999736098
1/7/2010,0.999729645
1/8/2010,1.003861992
1/11/2010,1.00322117
1/12/2010,0.987301799
1/13/2010,1.009672053
1/14/2010,0.999903081
1/15/2010,0.987580829
1/19/2010,1.015067135
1/20/2010,0.981568785
1/21/2010,0.975290719
1/22/2010,0.978033845
1/25/2010,1.011083912
1/26/2010,0.990763903
1/27/2010,1.002758565
1/28/2010,0.987868716
2/1/2010,1.019358551
2/2/2010,1.013352352
2/3/2010,0.992077479
2/4/2010,0.964758363
2/5/2010,1.002555428
2/8/2010,0.986746922
2/9/2010,1.015486243
2/10/2010,0.998350266
2/11/2010,1.013882365
2/12/2010,0.99769316
2/16/2010,1.020402168
2/17/2010,1.00320675
2/18/2010,1.006862614
2/19/2010,0.996335449
2/22/2010,1.000758297
2/23/2010,0.987662406
2/24/2010,1.006700668
2/25/2010,0.999918152
3/1/2010,1.005539941
3/2/2010,1.007383352
3/3/2010,1.002942203
3/4/2010,0.997694166
3/5/2010,1.014793027
3/8/2010,1.000797184
3/9/2010,0.999674924
3/10/2010,1.002022292
3/11/2010,1.001853707
3/12/2010,0.998715354
3/15/2010,0.996669018
3/16/2010,1.015200929
3/17/2010,1.006245055
3/18/2010,0.998553321
3/19/2010,0.989242088
3/22/2010,1.003302074
3/23/2010,1.002655634
3/24/2010,0.991517095
3/25/2010,0.999124197
3/26/2010,1.003132043
3/29/2010,1.010083972
3/30/2010,0.999618846
4/1/2010,1.012324848
4/5/2010,1.007444609
4/6/2010,1.005503797
4/7/2010,0.995882474
4/8/2010,1.001957876
4/9/2010,1.007682523
4/12/2010,0.996521971
4/13/2010,1.00290975
4/14/2010,1.006875279
4/15/2010,0.997043978
4/16/2010,0.979543914
4/19/2010,1.000408318
4/20/2010,1.006413976
4/21/2010,1.004696093
4/22/2010,1.001224855
4/23/2010,1.008640762
4/26/2010,1.000984395
4/27/2010,0.981967691
4/28/2010,1.002331232
4/29/2010,1.015608955
5/3/2010,1.00995853
5/4/2010,0.974536831
5/5/2010,0.993896691
5/6/2010,0.984064703
5/7/2010,0.992059117
5/10/2010,1.036452442
5/11/2010,0.996513585
5/12/2010,1.011221712
5/13/2010,0.99016277
5/14/2010,0.985864602
5/17/2010,0.996748152
5/18/2010,0.985851829
5/19/2010,0.992634145
5/20/2010,0.971141234
5/21/2010,1.014064759
5/24/2010,0.991973152
5/25/2010,0.999581883
5/26/2010,0.996780153
5/27/2010,1.030991186
6/1/2010,0.999425738
6/2/2010,1.00101538
6/3/2010,0.995583633
6/4/2010,1.003028226
6/7/2010,1.004520471
6/8/2010,0.999845449
6/9/2010,0.998864414
6/10/2010,0.997673938
6/11/2010,1.00810804
6/14/2010,0.99887012
6/15/2010,1.005000576
6/16/2010,1.000536364
6/17/2010,1.006133124
6/18/2010,1.000129783
6/21/2010,0.994556956
6/22/2010,1.001522848
6/23/2010,1.001712112
6/24/2010,0.995064885
6/25/2010,1.006263182
6/28/2010,1.000866474
6/29/2010,0.997362169
7/1/2010,0.993639297
7/2/2010,0.999198057
7/6/2010,1.001421369
7/7/2010,1.005186632
7/8/2010,0.998314886
7/9/2010,0.99960618
7/12/2010,0.998491399
7/13/2010,1.000672424
7/14/2010,1.004427789
7/15/2010,1.00211728
7/16/2010,0.994081432
7/19/2010,0.99792926
7/20/2010,1.004497976
7/21/2010,0.999841229
7/22/2010,1.003046587
7/23/2010,0.999094339
7/26/2010,1.001058927
7/27/2010,0.993042075
7/28/2010,1.004517057
7/29/2010,1.001833662
8/2/2010,1.008608082
8/3/2010,0.9998771
8/4/2010,1.000649433
8/5/2010,0.999526409
8/6/2010,1.004420372
8/9/2010,1.000986326
8/10/2010,0.99658791
8/11/2010,0.98976891
8/12/2010,1.001118785
8/13/2010,1.004243355
8/16/2010,1.011663721
8/17/2010,1.005572421
8/18/2010,1.002508515
8/19/2010,0.999205425
8/20/2010,0.996763947
8/23/2010,0.997986534
8/24/2010,1.002518277
8/25/2010,1.003235612
8/26/2010,0.999995957
8/27/2010,0.999238468
8/30/2010,1.00077689
9/1/2010,0.999688685
9/2/2010,0.999516582
9/3/2010,0.997801756
9/7/2010,1.004590784
9/8/2010,0.998300051
9/9/2010,0.992027394
9/10/2010,0.998995327
9/13/2010,1.006277774
9/14/2010,1.007076844
9/15/2010,0.996973644
9/16/2010,0.996920552
9/17/2010,1.000963394
9/20/2010,1.007530132
9/21/2010,1.006287774
9/22/2010,1.001273211
9/23/2010,0.997299539
9/24/2010,1.002805436
9/27/2010,1.004048913
9/28/2010,1.005916317
9/29/2010,0.99778422
10/1/2010,1.004305969
10/4/2010,1.000307783
10/5/2010,1.008801991
10/6/2010,1.006353813
10/7/2010,0.996659659
10/8/2010,1.003129661
10/11/2010,1.001188611
10/12/2010,0.99841447
10/13/2010,1.006333019
10/14/2010,0.997940771
10/15/2010,0.993838144
10/18/2010,1.004446194
10/19/2010,0.989765468
10/20/2010,1.007923157
10/21/2010,0.991346415
10/22/2010,1.002305411
10/25/2010,1.003148421
10/26/2010,0.994946953
10/27/2010,0.992140584
10/28/2010,1.005699977
11/1/2010,0.999672102
11/2/2010,1.008288783
11/3/2010,1.00183731
11/4/2010,1.019293585
11/5/2010,0.996651758
11/8/2010,0.999202215
11/9/2010,0.987821616
11/10/2010,1.005501139
11/11/2010,0.99554066
11/12/2010,0.984423325
11/15/2010,0.992994687
11/16/2010,0.99016331
11/17/2010,0.999458973
11/18/2010,1.01082028
11/19/2010,1.000724587
11/22/2010,1.001130856
11/23/2010,0.989891635
11/24/2010,1.002095065
11/26/2010,0.992789055
11/29/2010,1.000472304
12/1/2010,1.0225647
12/2/2010,1.013912697
12/3/2010,1.011174954
12/6/2010,0.998393378
12/7/2010,0.994763507
12/8/2010,0.999148283
12/9/2010,0.999750206
12/10/2010,1.002226503
12/13/2010,1.008150919
12/14/2010,1.001235231
12/15/2010,0.989057388
12/16/2010,0.999409292
12/17/2010,0.999033605
12/20/2010,1.003943253
12/21/2010,1.007282453
12/22/2010,1.003444419
12/23/2010,1.000195252
12/27/2010,0.999693107
12/28/2010,1.005363503
12/29/2010,1.007048129
12/30/2010,0.996863493
1/3/2011,1.006134282
1/4/2011,0.993168432
1/5/2011,1.00185619
1/6/2011,0.991997809
1/7/2011,0.996378618
1/10/2011,0.999889042
1/11/2011,1.006441711
1/12/2011,1.010740651
1/13/2011,0.996284227
1/14/2011,1.002872201
1/18/2011,1.001076626
1/19/2011,0.994916104
1/20/2011,0.990848376
1/21/2011,1.000332071
1/24/2011,1.002073301
1/25/2011,0.997850409
1/26/2011,1.008250293
1/27/2011,0.994014971
1/28/2011,0.991282901
2/1/2011,1.013914473
2/2/2011,1.002512635
2/3/2011,1.002017411
2/4/2011,0.997118442
2/7/2011,1.003528833
2/8/2011,1.004044061
2/9/2011,0.997345742
2/10/2011,0.998151341
2/11/2011,1.002301129
2/14/2011,1.003726264
2/15/2011,0.994020803
2/16/2011,1.00869588
2/17/2011,1.004987915
2/18/2011,1.001423555
2/22/2011,0.982314254
2/23/2011,1.00181072
2/24/2011,0.99694771
2/25/2011,1.015545029
3/1/2011,0.992134285
3/2/2011,1.001562696
3/3/2011,1.010126903
3/4/2011,0.99627592
3/7/2011,0.990424158
3/8/2011,1.002105392
3/9/2011,1.001061188
3/10/2011,0.979174308
3/11/2011,0.998388274
3/14/2011,0.980765218
3/15/2011,0.980405693
3/16/2011,0.979128084
3/17/2011,1.028425875
3/18/2011,1.01334994
3/21/2011,1.01902155
3/22/2011,0.99789881
3/23/2011,1.001861062
3/24/2011,1.007934317
3/25/2011,0.993214895
3/28/2011,0.995660773
3/29/2011,1.00349268
3/30/2011,1.008326761
4/1/2011,1.003368367
4/4/2011,1.003492041
4/5/2011,1.004531862
4/6/2011,1.003228434
4/7/2011,0.997228094
4/8/2011,1.004934605
4/11/2011,0.993902092
4/12/2011,0.991059785
4/13/2011,1.001729557
4/14/2011,1.00713323
4/15/2011,1.005713192
4/18/2011,0.991954351
4/19/2011,1.004263246
4/20/2011,1.013283475
4/21/2011,1.005367838
4/25/2011,1.000750601
4/26/2011,1.004559083
4/27/2011,1.010740921
4/28/2011,1.003419373
5/2/2011,0.994410401
5/3/2011,0.994017965
5/4/2011,0.99000319
5/5/2011,0.975594911
5/6/2011,1.00180508
5/9/2011,1.011877025
5/10/2011,1.008904767
5/11/2011,0.98526085
5/12/2011,1.001828495
5/13/2011,0.992558872
5/16/2011,0.996363549
5/17/2011,0.999249058
5/18/2011,1.010170371
5/19/2011,1.00103546
5/20/2011,0.998139709
5/23/2011,0.989537539
5/24/2011,1.004325022
5/25/2011,1.005891756
5/26/2011,1.005172061
5/27/2011,1.005842033
6/1/2011,0.977397706
6/2/2011,1.001981965
6/3/2011,1.000088246
6/6/2011,0.987673756
6/7/2011,1.006105787
6/8/2011,0.994707618
6/9/2011,1.003222447
6/10/2011,0.981538007
6/13/2011,1.000635251
6/14/2011,1.013216251
6/15/2011,0.97812418
6/16/2011,1.001828081
6/17/2011,1.004877828
6/20/2011,1.002315491
6/21/2011,1.012004834
6/22/2011,0.994809695
6/23/2011,0.989263555
6/24/2011,0.990685082
6/27/2011,1.006290309
6/28/2011,1.012193694
6/29/2011,1.012234828
7/1/2011,1.005534119
7/5/2011,1.005120201
7/6/2011,1.00106147
7/7/2011,1.008762864
7/8/2011,0.997195099
7/11/2011,0.986126106
7/12/2011,1.002646924
7/13/2011,1.007046465
7/14/2011,0.994648526
7/15/2011,1.006169879
7/18/2011,0.994227503
7/19/2011,1.005904293
7/20/2011,1.007782435
7/21/2011,1.005206219
7/22/2011,1.0043907
7/25/2011,0.996578367
7/26/2011,1.003914994
7/27/2011,0.984847916
7/28/2011,0.998802511
8/1/2011,1.000474397
8/2/2011,1.009403454
8/3/2011,0.998125788
8/4/2011,0.999635736
8/5/2011,0.989147211
8/8/2011,1.003582099
8/9/2011,1.016742258
8/10/2011,1.015476547
8/11/2011,0.987844456
8/12/2011,1.005030729
8/15/2011,1.004842874
8/16/2011,1.00692862
8/17/2011,1.007565148
8/18/2011,1.001665686
8/19/2011,1.00392396
8/22/2011,1.004815235
8/23/2011,0.991626876
8/24/2011,0.983660368
8/25/2011,1.002904352
8/26/2011,1.012386602
8/29/2011,0.995038115
8/30/2011,1.013855404
9/1/2011,1.003398026
9/2/2011,1.010389041
9/6/2011,1.001038435
9/7/2011,0.994227913
9/8/2011,1.005844612
9/9/2011,0.996779764
9/12/2011,0.995023269
9/13/2011,0.997816524
9/14/2011,0.999988327
9/15/2011,0.994584505
9/16/2011,1.00349048
9/19/2011,0.998498706
9/20/2011,1.002997636
9/21/2011,0.997716353
9/22/2011,0.997053989
9/23/2011,0.982102348
9/26/2011,0.995042328
9/27/2011,1.001620575
9/28/2011,0.988456911
9/29/2011,1.006186222
10/3/2011,1.003573676
10/4/2011,0.998373171
10/5/2011,0.997270284
10/6/2011,0.998761087
10/7/2011,0.991420544
10/10/2011,1.006316731
10/11/2011,0.99640372
10/12/2011,1.000227344
10/13/2011,1.001472148
10/14/2011,0.999680516
10/17/2011,1.001316455
10/18/2011,1.002985444
10/19/2011,0.994906434
10/20/2011,0.996236743
10/21/2011,1.004347009
10/24/2011,1.006239416
10/25/2011,1.007741128
10/26/2011,0.997340254
10/27/2011,1.002942771
10/28/2011,1.005072426
11/1/2011,1.004318923
11/2/2011,1.001643459
11/3/2011,1.001692677
11/4/2011,1.000583837
11/7/2011,1.008024272
11/8/2011,0.997139041
11/9/2011,0.996713912
11/10/2011,0.994824786
11/11/2011,1.003899352
11/14/2011,1.000295678
11/15/2011,1.001579783
11/16/2011,0.99990564
11/17/2011,0.99210039
11/18/2011,0.999232654
11/21/2011,0.99467919
11/22/2011,1.005562565
11/23/2011,0.997011269
11/25/2011,0.992560692
11/28/2011,1.007280165
11/29/2011,1.000333484
12/1/2011,0.997505347
12/2/2011,1.004399335
12/5/2011,0.999635711
12/6/2011,0.998085377
12/7/2011,1.005220506
12/8/2011,0.995496849
12/9/2011,0.99844707
12/12/2011,0.995310594
12/13/2011,0.998087858
12/14/2011,0.999017176
12/15/2011,1.000454468
12/16/2011,1.007864229
12/19/2011,1.00079588
12/20/2011,1.000938529
12/21/2011,0.99689021
12/22/2011,1.00292802
12/23/2011,0.998413724
12/27/2011,1.000097332
12/28/2011,0.999185696
12/29/2011,1.00257524
