Date,Open,High,Low,Close,Volume,Adjusted Close
2013-09-30,1722.44,1725.23,1708.89,1709.91,5074030000.0,1709.91
2013-08-31,1638.89,1640.08,1628.05,1632.97,2734300000.0,1632.97
2013-07-31,1687.76,1698.43,1684.94,1685.73,3847390000.0,1685.73
2013-06-30,1611.12,1615.94,1601.06,1606.28,4977190000.0,1606.28
2013-05-31,1652.13,1658.99,1630.74,1630.74,4099600000.0,1630.74
2013-04-30,1593.58,1597.57,1586.5,1597.57,3745070000.0,1597.57
2013-03-31,1562.86,1570.28,1561.08,1569.19,3304440000.0,1569.19
2013-02-28,1515.99,1525.34,1514.46,1514.68,3912320000.0,1514.68
2013-01-31,1501.96,1504.19,1496.76,1498.11,3999880000.0,1498.11
2012-12-31,1402.43,1426.74,1398.11,1426.19,3204330000.0,1426.19
2012-11-30,1415.95,1418.86,1411.63,1416.18,3966000000.0,1416.18
2012-10-31,1410.99,1418.76,1405.95,1412.16,3577110000.0,1412.16
2012-09-30,1447.13,1447.13,1435.6,1440.67,3509230000.0,1440.67
2012-08-31,1400.07,1413.09,1398.96,1406.58,2938250000.0,1406.58
2012-07-31,1385.27,1387.16,1379.17,1379.32,3821570000.0,1379.32
2012-06-30,1330.12,1362.17,1330.12,1362.16,4590480000.0,1362.16
2012-05-31,1313.09,1319.74,1298.9,1310.33,4557620000.0,1310.33
2012-04-30,1403.26,1403.26,1394.0,1397.91,3574010000.0,1397.91
2012-03-31,1403.31,1410.89,1401.42,1408.47,3676890000.0,1408.47
2012-02-29,1372.2,1378.04,1363.81,1365.68,4482370000.0,1365.68
2012-01-31,1313.53,1321.41,1306.69,1312.41,4235550000.0,1312.41
2011-12-31,1262.82,1264.12,1257.46,1257.6,2271850000.0,1257.6
2011-11-30,1196.72,1247.11,1196.72,1246.96,5801910000.0,1246.96
2011-10-31,1284.96,1284.96,1253.16,1253.3,4310210000.0,1253.3
2011-09-30,1159.93,1159.93,1131.34,1131.42,4416790000.0,1131.42
2011-08-31,1213.0,1230.71,1209.35,1218.89,5267840000.0,1218.89
2011-07-31,1300.12,1304.16,1282.86,1292.28,5061190000.0,1292.28
2011-06-30,1307.64,1321.97,1307.64,1320.64,4200500000.0,1320.64
2011-05-31,1331.1,1345.2,1331.1,1345.2,4696240000.0,1345.2
2011-04-30,1360.14,1364.56,1358.69,1363.61,3479070000.0,1363.61
2011-03-31,1327.44,1329.77,1325.03,1325.83,3566270000.0,1325.83
2011-02-28,1321.61,1329.38,1320.55,1327.22,1252850000.0,1327.22
2011-01-31,1276.5,1287.17,1276.5,1286.12,4167160000.0,1286.12
2010-12-31,1256.76,1259.34,1254.19,1257.64,1799770000.0,1257.64
2010-11-30,1182.96,1187.4,1174.14,1180.55,4284700000.0,1180.55
2010-10-31,1183.87,1185.46,1179.7,1183.26,3537880000.0,1183.26
2010-09-30,1145.97,1157.16,1136.08,1141.2,4284160000.0,1141.2
2010-08-31,1046.88,1055.14,1040.88,1049.33,4038770000.0,1049.33
2010-07-31,1098.44,1106.44,1088.01,1101.6,4006450000.0,1101.6
2010-06-30,1040.56,1048.08,1028.33,1030.71,5067080000.0,1030.71
2010-05-31,1102.59,1102.59,1084.78,1089.41,4871210000.0,1089.41
2010-04-30,1206.77,1207.99,1186.32,1186.69,6048260000.0,1186.69
2010-03-31,1171.75,1174.56,1165.77,1169.43,4484340000.0,1169.43
2010-02-28,1103.1,1107.24,1097.56,1104.49,3945190000.0,1104.49
2010-01-31,1087.61,1096.45,1071.59,1073.87,5412850000.0,1073.87
2009-12-31,1126.6,1127.64,1114.81,1115.1,2076990000.0,1115.1
2009-11-30,1091.07,1097.24,1086.25,1095.63,3895520000.0,1095.63
2009-10-31,1065.41,1065.41,1033.38,1036.19,6512420000.0,1036.19
2009-09-30,1061.02,1063.4,1046.47,1057.08,5998860000.0,1057.08
2009-08-31,1025.21,1025.21,1014.62,1020.62,5004560000.0,1020.62
2009-07-31,986.8,993.18,982.85,987.48,5139070000.0,987.48
2009-06-30,927.15,930.01,912.86,919.32,4627570000.0,919.32
2009-05-31,907.02,920.02,903.56,919.14,6050420000.0,919.14
2009-04-30,876.59,888.7,868.51,872.81,6862540000.0,872.81
2009-03-31,790.88,810.48,790.88,797.87,6089100000.0,797.87
2009-02-28,749.93,751.27,734.52,735.09,8926480000.0,735.09
2009-01-31,845.69,851.66,821.67,825.88,5350580000.0,825.88
2008-12-31,890.59,910.32,889.67,903.25,4172940000.0,903.25
2008-11-30,886.89,896.25,881.21,896.24,2740860000.0,896.24
2008-10-31,953.11,984.38,944.59,968.75,6394350000.0,968.75
2008-09-30,1113.78,1168.03,1113.78,1166.36,4937680000.0,1166.36
2008-08-31,1296.49,1297.59,1282.74,1282.83,3288120000.0,1282.83
2008-07-31,1281.37,1284.93,1265.97,1267.38,5346050000.0,1267.38
2008-06-30,1278.06,1290.31,1274.86,1280.0,5032330000.0,1280.0
2008-05-31,1398.36,1404.46,1398.08,1400.38,3845630000.0,1400.38
2008-04-30,1391.22,1404.57,1384.25,1385.59,4508890000.0,1385.59
2008-03-31,1315.92,1328.52,1312.81,1322.7,4188990000.0,1322.7
2008-02-29,1364.07,1364.07,1325.42,1330.63,4426730000.0,1330.63
2008-01-31,1351.98,1385.62,1334.08,1378.55,4970290000.0,1378.55
2007-12-31,1475.25,1475.83,1465.13,1468.36,2440880000.0,1468.36
2007-11-30,1471.83,1488.94,1470.89,1481.14,4422200000.0,1481.14
2007-10-31,1532.15,1552.76,1529.4,1549.38,3953070000.0,1549.38
2007-09-30,1531.24,1533.74,1521.99,1526.75,2925350000.0,1526.75
2007-08-31,1457.61,1481.47,1457.61,1473.99,2731610000.0,1473.99
2007-07-31,1473.9,1488.3,1454.25,1455.27,4524520000.0,1455.27
2007-06-30,1505.7,1517.53,1493.61,1503.35,3165410000.0,1503.35
2007-05-31,1530.19,1535.56,1528.26,1530.62,3335530000.0,1530.62
2007-04-30,1494.07,1497.16,1482.29,1482.37,3093420000.0,1482.37
2007-03-31,1422.52,1429.22,1408.9,1420.86,2903960000.0,1420.86
2007-02-28,1398.64,1415.89,1396.65,1406.82,3925250000.0,1406.82
2007-01-31,1428.65,1441.61,1424.78,1438.24,2976690000.0,1438.24
2006-12-31,1424.71,1427.0,1416.84,1418.3,1678200000.0,1418.3
2006-11-30,1399.47,1406.3,1393.83,1400.63,4006230000.0,1400.63
2006-10-31,1377.93,1381.21,1372.19,1377.94,2803030000.0,1377.94
2006-09-30,1339.15,1339.88,1335.64,1335.85,2273430000.0,1335.85
2006-08-31,1304.25,1306.11,1302.45,1303.82,1974540000.0,1303.82
2006-07-31,1278.53,1278.66,1274.31,1276.66,2461300000.0,1276.66
2006-06-30,1272.86,1276.3,1270.2,1270.2,3049560000.0,1270.2
2006-05-31,1259.38,1270.09,1259.38,1270.09,2692160000.0,1270.09
2006-04-30,1309.72,1316.04,1306.16,1310.61,2419920000.0,1310.61
2006-03-31,1300.25,1303.0,1294.87,1294.87,2236710000.0,1294.87
2006-02-28,1294.12,1294.12,1278.66,1280.66,2370860000.0,1280.66
2006-01-31,1285.2,1285.2,1276.85,1280.08,2708310000.0,1280.08
2005-12-31,1254.42,1254.42,1246.59,1248.29,1443500000.0,1248.29
2005-11-30,1257.48,1260.93,1249.39,1249.48,2374690000.0,1249.48
2005-10-31,1198.41,1211.43,1198.41,1207.01,2567470000.0,1207.01
2005-09-30,1227.68,1229.57,1225.22,1228.81,2097520000.0,1228.81
2005-08-31,1208.41,1220.36,1204.4,1220.33,2365510000.0,1220.33
2005-07-31,1243.72,1245.04,1234.18,1234.18,1789600000.0,1234.18
2005-06-30,1199.85,1203.27,1190.51,1191.33,2109490000.0,1191.33
2005-05-31,1198.78,1198.78,1191.5,1191.5,1840680000.0,1191.5
2005-04-30,1143.22,1156.97,1139.19,1156.85,2362360000.0,1156.85
2005-03-31,1181.41,1184.53,1179.49,1180.59,2214230000.0,1180.59
2005-02-28,1211.37,1211.37,1198.13,1203.6,1795480000.0,1203.6
2005-01-31,1171.36,1182.07,1171.36,1181.27,1679800000.0,1181.27
2004-12-31,1213.55,1217.33,1211.65,1211.92,786900000.0,1211.92
2004-11-30,1178.57,1178.66,1173.81,1173.82,1553500000.0,1173.82
2004-10-31,1127.44,1131.4,1124.62,1130.2,1500800000.0,1130.2
2004-09-30,1114.8,1116.31,1109.68,1114.58,1748000000.0,1114.58
2004-08-31,1099.15,1104.24,1094.72,1104.24,1138200000.0,1104.24
2004-07-31,1100.43,1103.73,1096.96,1101.72,1298200000.0,1101.72
2004-06-30,1136.2,1144.2,1133.62,1140.84,1473800000.0,1140.84
2004-05-31,1121.28,1122.69,1118.1,1120.68,1172600000.0,1120.68
2004-04-30,1113.89,1119.26,1107.23,1107.3,1634700000.0,1107.3
2004-03-31,1127.0,1130.83,1121.46,1126.21,1560700000.0,1126.21
2004-02-29,1145.8,1151.68,1141.8,1144.94,1540400000.0,1144.94
2004-01-31,1134.11,1134.17,1127.73,1131.13,1635000000.0,1131.13
2003-12-31,1109.64,1112.56,1106.21,1111.92,1027500000.0,1111.92
2003-11-30,1058.45,1060.63,1056.77,1058.2,487220000.0,1058.2
2003-10-31,1046.94,1053.09,1046.94,1050.71,1498900000.0,1050.71
2003-09-30,1006.58,1006.58,990.36,995.97,1590500000.0,995.97
2003-08-31,1002.84,1008.85,999.52,1008.01,945100000.0,1008.01
2003-07-31,987.49,1004.59,987.49,990.31,1608000000.0,990.31
2003-06-30,976.22,983.61,973.6,974.5,1587200000.0,974.5
2003-05-31,949.64,965.38,949.64,963.59,1688800000.0,963.59
2003-04-30,917.84,922.01,911.7,916.92,1788510000.0,916.92
2003-03-31,863.5,863.5,843.68,848.18,1495500000.0,848.18
2003-02-28,837.28,847.0,837.28,841.15,1373300000.0,841.15
2003-01-31,844.61,858.33,840.34,855.7,1578530000.0,855.7
2002-12-31,879.39,881.93,869.45,879.82,1088500000.0,879.82
2002-11-30,938.87,941.82,935.58,936.31,643460000.0,936.31
2002-10-31,890.71,898.83,879.75,885.76,1641300000.0,885.76
2002-09-30,827.37,827.37,800.2,815.28,1721870000.0,815.28
2002-08-31,917.8,928.15,910.17,916.07,929900000.0,916.07
2002-07-31,902.78,911.64,889.88,911.62,2049360000.0,911.62
2002-06-30,990.64,1001.79,988.31,989.82,2117000000.0,989.82
2002-05-31,1064.66,1079.93,1064.66,1067.14,1277300000.0,1067.14
2002-04-30,1065.45,1082.62,1063.46,1076.92,1628600000.0,1076.92
2002-03-31,1144.58,1154.45,1144.58,1147.39,1147600000.0,1147.39
2002-02-28,1109.89,1121.57,1106.73,1106.73,1392200000.0,1106.73
2002-01-31,1113.57,1130.21,1113.3,1130.2,1557000000.0,1130.2
2001-12-31,1161.02,1161.16,1148.04,1148.08,943600000.0,1148.08
2001-11-30,1140.2,1143.57,1135.89,1139.45,1343600000.0,1139.45
2001-10-31,1059.79,1074.79,1057.55,1059.78,1352500000.0,1059.78
2001-09-30,1018.61,1040.94,1018.61,1040.94,1631500000.0,1040.94
2001-08-31,1129.03,1141.83,1126.38,1133.58,920100000.0,1133.58
2001-07-31,1204.52,1222.74,1204.52,1211.23,1129200000.0,1211.23
2001-06-30,1226.2,1237.29,1221.14,1224.38,1832360000.0,1224.38
2001-05-31,1248.08,1261.91,1248.07,1255.82,1226600000.0,1255.82
2001-04-30,1253.05,1269.3,1243.99,1249.46,1266800000.0,1249.46
2001-03-31,1147.95,1162.8,1143.83,1160.33,1280800000.0,1160.33
2001-02-28,1257.94,1263.47,1229.65,1239.94,1225300000.0,1239.94
2001-01-31,1373.73,1383.37,1364.66,1366.01,1295300000.0,1366.01
2000-12-31,1334.22,1340.1,1317.51,1320.28,1035500000.0,1320.28
2000-11-30,1341.91,1341.91,1294.9,1314.95,1186530000.0,1314.95
2000-10-31,1398.66,1432.22,1398.66,1429.4,1366400000.0,1429.4
2000-09-30,1458.29,1458.29,1436.29,1436.51,1197100000.0,1436.51
2000-08-31,1502.59,1525.21,1502.59,1517.68,1056600000.0,1517.68
2000-07-31,1419.89,1437.65,1418.71,1430.83,952600000.0,1430.83
2000-06-30,1442.39,1454.68,1438.71,1454.6,1459700000.0,1454.6
2000-05-31,1422.44,1434.49,1415.5,1420.6,960500000.0,1420.6
2000-04-30,1464.92,1473.62,1448.15,1452.43,984600000.0,1452.43
2000-03-31,1487.92,1519.81,1484.38,1498.58,1227400000.0,1498.58
2000-02-29,1348.05,1369.63,1348.05,1366.42,1204300000.0,1366.42
2000-01-31,1360.16,1394.48,1350.14,1394.46,993800000.0,1394.46
1999-12-31,1464.47,1472.42,1458.19,1469.25,374050000.0,1469.25
1999-11-30,1407.83,1410.59,1386.95,1388.91,951500000.0,1388.91
1999-10-31,1342.44,1373.17,1342.44,1362.93,1120500000.0,1362.93
1999-09-30,1268.37,1291.31,1268.37,1282.71,1017600000.0,1282.71
1999-08-31,1324.02,1333.27,1306.96,1320.41,861700000.0,1320.41
1999-07-31,1341.03,1350.92,1328.49,1328.72,736800000.0,1328.72
1999-06-30,1351.45,1372.93,1338.78,1372.71,1117000000.0,1372.71
1999-05-31,1281.41,1304.0,1281.41,1301.84,649960000.0,1301.84
1999-04-30,1342.83,1351.83,1314.58,1335.18,936500000.0,1335.18
1999-03-31,1300.75,1313.6,1285.87,1286.37,924300000.0,1286.37
1999-02-28,1245.02,1246.73,1226.24,1238.33,784600000.0,1238.33
1999-01-31,1265.37,1280.37,1255.18,1279.64,917000000.0,1279.64
1998-12-31,1231.93,1237.18,1224.96,1229.23,719200000.0,1229.23
1998-11-30,1192.33,1192.72,1163.63,1163.63,687900000.0,1163.63
1998-10-31,1085.93,1103.78,1085.93,1098.67,785000000.0,1098.67
1998-09-30,1049.02,1049.02,1015.73,1017.01,800100000.0,1017.01
1998-08-31,1027.14,1033.47,957.28,957.28,917500000.0,957.28
1998-07-31,1142.95,1142.97,1114.3,1120.67,645910000.0,1120.67
1998-06-30,1138.49,1140.8,1131.98,1133.84,757200000.0,1133.84
1998-05-31,1097.6,1104.16,1090.82,1090.82,556780000.0,1090.82
1998-04-30,1094.63,1116.97,1094.63,1111.75,695600000.0,1111.75
1998-03-31,1093.55,1110.13,1093.55,1101.75,674930000.0,1101.75
1998-02-28,1048.67,1051.66,1044.4,1049.34,574480000.0,1049.34
1998-01-31,985.49,987.41,979.63,980.28,613380000.0,980.28
1997-12-31,970.84,975.02,967.41,970.43,467280000.0,970.43
1997-11-30,951.64,959.13,951.64,955.4,189070000.0,955.4
1997-10-31,903.68,919.93,903.68,914.62,638070000.0,914.62
1997-09-30,953.34,955.17,947.28,947.28,587500000.0,947.28
1997-08-31,903.67,907.28,896.82,899.47,413910000.0,899.47
1997-07-31,952.29,957.73,948.89,954.31,547830000.0,954.31
1997-06-30,887.3,892.62,879.82,885.14,561540000.0,885.14
1997-05-31,844.08,851.87,831.87,848.28,537200000.0,848.28
1997-04-30,794.05,804.13,791.21,801.34,556070000.0,801.34
1997-03-31,773.88,773.88,756.13,757.12,555880000.0,757.12
1997-02-28,795.07,795.7,788.5,790.82,508280000.0,790.82
1997-01-31,784.17,791.86,784.17,786.16,578550000.0,786.16
1996-12-31,753.85,753.95,740.74,740.74,399760000.0,740.74
1996-11-30,755.0,758.27,755.0,757.02,14990000.0,757.02
1996-10-31,700.9,706.61,700.35,705.27,482840000.0,705.27
1996-09-30,686.19,690.11,686.03,687.33,388570000.0,687.33
1996-08-31,657.4,657.71,650.52,651.99,258380000.0,651.99
1996-07-31,635.26,640.54,633.74,639.95,403560000.0,639.95
1996-06-30,668.55,672.68,668.55,670.63,470460000.0,670.63
1996-05-31,671.7,673.46,667.0,669.12,351750000.0,669.12
1996-04-30,654.16,654.59,651.05,654.17,393390000.0,654.17
1996-03-31,648.94,650.96,644.89,645.5,413510000.0,645.5
1996-02-29,644.75,646.95,639.01,640.43,453170000.0,640.43
1996-01-31,630.15,636.18,629.48,636.02,472210000.0,636.02
1995-12-31,614.12,615.93,612.36,615.93,321250000.0,615.93
1995-11-30,607.64,608.69,605.37,605.37,440050000.0,605.37
1995-10-31,583.25,586.71,581.5,581.5,377390000.0,581.5
1995-09-30,585.87,587.61,584.0,584.41,335250000.0,584.41
1995-08-31,561.09,562.36,560.49,561.88,300920000.0,561.88
1995-07-31,562.93,563.49,560.06,562.06,291950000.0,562.06
1995-06-30,543.87,546.82,543.51,544.75,311650000.0,544.75
1995-05-31,523.7,533.41,522.17,533.4,358180000.0,533.4
1995-04-30,513.64,515.29,510.9,514.71,320440000.0,514.71
1995-03-31,501.94,502.22,495.7,500.71,353060000.0,500.71
1995-02-28,483.81,487.44,483.77,487.39,317220000.0,487.39
1995-01-31,468.51,471.03,468.18,470.42,411590000.0,470.42
1994-12-31,461.17,462.12,459.24,459.27,256260000.0,459.27
1994-11-30,455.17,457.13,453.27,453.69,298650000.0,453.69
1994-10-31,473.76,474.74,472.33,472.35,302820000.0,472.35
1994-09-30,462.27,465.3,461.91,462.71,291900000.0,462.71
1994-08-31,476.07,477.59,474.43,475.49,354650000.0,475.49
1994-07-31,454.25,459.33,454.25,458.26,269560000.0,458.26
1994-06-30,447.63,448.61,443.66,444.27,293410000.0,444.27
1994-05-31,457.32,457.61,455.16,456.5,216700000.0,456.5
1994-04-30,449.07,451.35,447.91,450.91,293970000.0,450.91
1994-03-31,445.55,447.16,436.16,445.77,403580000.0,445.77
1994-02-28,466.07,469.16,466.07,467.14,268690000.0,467.14
1994-01-31,478.7,482.85,478.7,481.61,322870000.0,481.61
1993-12-31,468.66,470.75,466.45,466.45,168590000.0,466.45
1993-11-30,461.9,463.62,460.45,461.79,286660000.0,461.79
1993-10-31,467.72,468.2,467.37,467.83,270570000.0,467.83
1993-09-30,460.11,460.56,458.28,458.93,280980000.0,458.93
1993-08-31,461.9,463.56,461.29,463.56,252830000.0,463.56
1993-07-31,450.19,450.22,446.98,448.13,254420000.0,448.13
1993-06-30,450.69,451.47,450.15,450.53,281120000.0,450.53
1993-05-31,452.41,452.41,447.67,450.19,207820000.0,450.19
1993-04-30,438.89,442.29,438.89,440.19,247460000.0,440.19
1993-03-31,451.97,454.88,451.67,451.67,279190000.0,451.67
1993-02-28,442.34,443.77,440.98,443.38,234160000.0,443.38
1993-01-31,438.67,438.93,436.91,438.78,247200000.0,438.78
1992-12-31,438.82,439.59,435.71,435.71,165910000.0,435.71
1992-11-30,430.19,431.53,429.36,431.35,230150000.0,431.35
1992-10-31,420.86,421.13,418.54,418.68,201930000.0,418.68
1992-09-30,416.79,418.58,416.67,417.8,184470000.0,417.8
1992-08-31,414.87,415.29,413.76,414.03,161480000.0,414.03
1992-07-31,423.92,424.8,422.46,424.21,172920000.0,424.21
1992-06-30,408.94,409.63,407.85,408.14,195530000.0,408.14
1992-05-31,416.74,418.36,415.35,415.35,204010000.0,415.35
1992-04-30,412.02,414.95,412.02,414.95,223590000.0,414.95
1992-03-31,403.0,405.21,402.22,403.69,182360000.0,403.69
1992-02-29,413.86,416.07,411.8,412.7,202320000.0,412.7
1992-01-31,411.65,412.63,408.64,408.78,197620000.0,408.78
1991-12-31,415.14,418.32,412.73,417.09,247080000.0,417.09
1991-11-30,376.55,376.55,374.65,375.22,76830000.0,375.22
1991-10-31,392.96,392.96,391.58,392.45,179680000.0,392.45
1991-09-30,385.91,388.29,384.32,387.86,146780000.0,387.86
1991-08-31,396.47,396.47,393.6,395.43,143440000.0,395.43
1991-07-31,386.69,387.81,386.19,387.81,166830000.0,387.81
1991-06-30,374.4,374.4,367.98,371.16,163770000.0,371.16
1991-05-31,386.96,389.85,385.01,389.83,232040000.0,389.83
1991-04-30,373.66,377.86,373.01,375.34,206230000.0,375.34
1991-03-31,375.35,376.6,374.4,375.22,150750000.0,375.22
1991-02-28,367.73,369.91,365.95,367.07,223010000.0,367.07
1991-01-31,340.92,343.93,340.47,343.93,204520000.0,343.93
1990-12-31,328.71,330.23,327.5,330.22,114130000.0,330.22
1990-11-30,316.42,323.02,315.42,322.22,192350000.0,322.22
1990-10-31,304.06,305.7,302.33,304.0,156060000.0,304.0
1990-09-30,300.97,306.05,295.98,306.05,201010000.0,306.05
1990-08-31,318.71,322.57,316.59,322.56,96480000.0,322.56
1990-07-31,355.55,357.54,353.91,356.15,175380000.0,356.15
1990-06-30,357.64,359.09,357.3,358.02,145510000.0,358.02
1990-05-31,360.86,361.84,360.23,361.23,165690000.0,361.23
1990-04-30,329.11,331.31,327.76,330.8,122750000.0,330.8
1990-03-31,340.79,341.41,338.21,339.94,139340000.0,339.94
1990-02-28,330.26,333.48,330.16,331.89,184400000.0,331.89
1990-01-31,322.98,329.08,322.98,329.08,189660000.0,329.08
1989-12-31,350.68,353.41,350.67,353.4,145940000.0,353.4
1989-11-30,343.6,346.5,343.57,345.99,153200000.0,345.99
1989-10-31,335.08,340.86,335.07,340.36,176100000.0,340.36
1989-09-30,348.6,350.31,348.12,349.15,155300000.0,349.15
1989-08-31,350.65,351.45,350.21,351.45,144820000.0,351.45
1989-07-31,342.13,346.08,342.02,346.08,166650000.0,346.08
1989-06-30,319.67,319.97,314.38,317.98,170490000.0,317.98
1989-05-31,319.05,321.3,318.68,320.52,162530000.0,320.52
1989-04-30,309.58,309.65,308.48,309.64,158390000.0,309.64
1989-03-31,292.52,294.96,292.52,294.87,170960000.0,294.87
1989-02-28,287.82,289.42,287.63,288.86,147430000.0,288.86
1989-01-31,294.99,297.51,293.57,297.47,194050000.0,297.47
1988-12-31,279.39,279.78,277.72,277.72,127210000.0,277.72
1988-11-30,270.91,274.36,270.9,273.7,157810000.0,273.7
1988-10-31,278.54,279.39,277.14,278.97,143460000.0,278.97
1988-09-30,272.55,274.87,271.66,271.91,175750000.0,271.91
1988-08-31,262.51,263.8,261.21,261.52,130480000.0,261.52
1988-07-31,266.04,272.02,266.02,272.02,192340000.0,272.02
1988-06-30,271.0,273.51,270.97,273.5,227410000.0,273.5
1988-05-31,253.44,262.16,253.42,262.16,247610000.0,262.16
1988-04-30,262.59,262.61,259.97,261.33,135620000.0,261.33
1988-03-31,258.03,259.03,256.16,258.89,139870000.0,258.89
1988-02-29,262.46,267.82,262.46,267.82,236050000.0,267.82
1988-01-31,253.31,257.07,252.7,257.07,211880000.0,257.07
1987-12-31,247.84,247.86,245.22,247.08,170140000.0,247.08
1987-11-30,240.27,240.34,225.75,230.3,268910000.0,230.3
1987-10-31,244.77,254.04,244.77,251.79,303400000.0,251.79
1987-09-30,321.69,322.53,320.16,321.83,183100000.0,321.83
1987-08-31,327.03,330.09,326.99,329.8,165800000.0,329.8
1987-07-31,318.05,318.85,317.56,318.66,181900000.0,318.66
1987-06-30,307.89,308.0,303.01,304.0,165500000.0,304.0
1987-05-31,290.77,292.87,289.7,290.1,153500000.0,290.1
1987-04-30,284.58,290.08,284.57,288.36,183100000.0,288.36
1987-03-31,289.21,291.87,289.07,291.7,171800000.0,291.7
1987-02-28,282.96,284.55,282.77,284.2,142800000.0,284.2
1987-01-31,274.24,274.24,271.38,274.08,163400000.0,274.08
1986-12-31,243.37,244.03,241.28,242.17,139200000.0,242.17
1986-11-30,248.82,249.22,248.07,249.22,93530000.0,249.22
1986-10-31,243.7,244.51,242.95,243.98,147200000.0,243.98
1986-09-30,229.91,233.01,229.91,231.32,124900000.0,231.32
1986-08-31,252.84,254.07,251.73,252.93,125300000.0,252.93
1986-07-31,236.59,236.92,235.89,236.12,112700000.0,236.12
1986-06-30,249.6,251.81,249.6,250.84,135100000.0,250.84
1986-05-31,247.98,249.19,246.43,247.35,151200000.0,247.35
1986-04-30,240.52,240.52,235.26,235.52,147500000.0,235.52
1986-03-31,238.97,239.86,238.08,238.9,134400000.0,238.9
1986-02-28,226.77,227.92,225.42,226.92,191700000.0,226.92
1986-01-31,209.33,212.42,209.19,211.78,143500000.0,211.78
1985-12-31,210.68,211.61,210.68,211.28,112700000.0,211.28
1985-11-30,202.54,203.4,201.92,202.17,84060000.0,202.17
1985-10-31,190.07,190.15,189.35,189.82,121500000.0,189.82
1985-09-30,181.3,182.08,181.22,182.08,103600000.0,182.08
1985-08-31,188.93,189.13,188.0,188.63,81620000.0,188.63
1985-07-31,189.93,191.33,189.93,190.92,124200000.0,190.92
1985-06-30,191.23,191.85,191.04,191.85,105200000.0,191.85
1985-05-31,187.75,189.59,187.45,189.55,134100000.0,189.55
1985-04-30,180.63,180.63,178.86,179.83,111800000.0,179.83
1985-03-31,179.54,180.66,179.54,180.66,101400000.0,180.66
1985-02-28,180.71,181.21,180.33,181.18,100700000.0,181.18
1985-01-31,179.39,179.83,178.56,179.63,132500000.0,179.63
1984-12-31,166.26,167.34,166.06,167.24,80260000.0,167.24
1984-11-30,163.91,163.91,162.99,163.58,77580000.0,163.58
1984-10-31,166.74,166.95,165.99,166.09,91890000.0,166.09
1984-09-30,166.96,166.96,165.77,166.1,78950000.0,166.1
1984-08-31,166.6,166.68,165.78,166.68,57460000.0,166.68
1984-07-31,150.19,150.77,149.65,150.66,86910000.0,150.66
1984-06-30,152.84,154.08,152.82,153.18,90770000.0,153.18
1984-05-31,150.35,150.69,149.76,150.55,81890000.0,150.55
1984-04-30,159.89,160.43,159.3,160.05,72740000.0,160.05
1984-03-31,159.52,159.52,158.92,159.18,71590000.0,159.18
1984-02-29,156.82,158.27,156.41,157.06,92810000.0,157.06
1984-01-31,162.87,163.6,162.03,163.41,113510000.0,163.41
1983-12-31,164.86,165.05,164.58,164.93,71840000.0,164.93
1983-11-30,167.91,168.07,166.33,166.4,120130000.0,166.4
1983-10-31,163.37,164.58,162.86,163.55,79460000.0,163.55
1983-09-30,167.23,167.23,165.63,166.07,70860000.0,166.07
1983-08-31,162.55,164.4,162.32,164.4,80800000.0,164.4
1983-07-31,165.03,165.03,161.5,162.56,95240000.0,162.56
1983-06-30,167.64,167.64,167.64,167.64,76310000.0,167.64
1983-05-31,164.44,164.44,162.12,162.39,73910000.0,162.39
1983-04-30,162.97,164.43,162.72,164.43,105750000.0,164.43
1983-03-31,153.41,155.02,152.86,152.96,100570000.0,152.96
1983-02-28,149.74,149.74,147.81,148.06,83750000.0,148.06
1983-01-31,144.51,145.3,143.93,145.3,67140000.0,145.3
1982-12-31,140.34,140.78,140.27,140.64,42110000.0,140.64
1982-11-30,134.2,138.53,134.19,138.53,93470000.0,138.53
1982-10-31,133.54,134.02,132.64,133.72,74830000.0,133.72
1982-09-30,121.62,121.62,120.14,120.42,62610000.0,120.42
1982-08-31,117.65,119.6,117.65,119.51,86360000.0,119.51
1982-07-31,107.35,107.95,107.01,107.09,39270000.0,107.09
1982-06-30,110.95,111.0,109.5,109.61,65280000.0,109.61
1982-05-31,112.79,112.8,111.66,111.88,43900000.0,111.88
1982-04-30,116.21,116.78,116.07,116.44,48200000.0,116.44
1982-03-31,112.27,113.17,111.32,111.96,43300000.0,111.96
1982-02-28,113.21,114.01,112.04,113.11,43840000.0,113.11
1982-01-31,118.92,121.38,118.64,120.4,73400000.0,120.4
1981-12-31,122.3,123.42,121.57,122.55,40780000.0,122.55
1981-11-30,125.09,126.97,124.18,126.35,47580000.0,126.35
1981-10-31,119.06,122.53,118.43,121.89,59570000.0,121.89
1981-09-30,115.94,117.05,114.6,116.18,40700000.0,116.18
1981-08-31,124.08,125.58,122.29,122.79,40360000.0,122.79
1981-07-31,130.01,131.78,129.6,130.92,43480000.0,130.92
1981-06-30,131.89,132.67,130.31,131.21,41550000.0,131.21
1981-05-31,133.45,134.36,131.52,132.59,51580000.0,132.59
1981-04-30,133.05,134.44,131.85,132.81,47970000.0,132.81
1981-03-31,134.68,137.15,134.68,136.0,50980000.0,136.0
1981-02-28,130.1,132.02,129.35,131.27,53210000.0,131.27
1981-01-31,130.24,131.65,128.61,129.55,41160000.0,129.55
1980-12-31,135.33,136.76,134.29,135.76,41210000.0,135.76
1980-11-30,140.17,141.54,139.0,140.52,34240000.0,140.52
1980-10-31,126.29,128.24,125.29,127.47,40110000.0,127.47
1980-09-30,123.54,126.09,123.54,125.46,40290000.0,125.46
1980-08-31,122.08,123.01,121.06,122.38,33510000.0,122.38
1980-07-31,122.23,122.34,119.4,121.67,54610000.0,121.67
1980-06-30,116.0,116.04,113.55,114.24,29910000.0,114.24
1980-05-31,110.27,111.55,108.87,111.24,34820000.0,111.24
1980-04-30,105.86,106.72,104.5,106.29,30850000.0,106.29
1980-03-31,100.68,102.65,100.02,102.09,35840000.0,102.09
1980-02-29,112.35,114.12,111.77,113.66,38810000.0,113.66
1980-01-31,115.2,117.17,113.78,114.16,65900000.0,114.16
1979-12-31,107.84,108.53,107.26,107.94,31530000.0,107.94
1979-11-30,106.81,107.16,105.56,106.16,30480000.0,106.16
1979-10-31,102.67,103.16,101.38,101.82,27780000.0,101.82
1979-09-30,110.21,110.67,108.7,109.32,35950000.0,109.32
1979-08-31,109.02,109.8,108.58,109.32,26370000.0,109.32
1979-07-31,103.15,104.26,102.89,103.81,34360000.0,103.81
1979-06-30,102.8,103.67,102.04,102.91,34690000.0,102.91
1979-05-31,99.11,99.61,98.29,99.08,30300000.0,99.08
1979-04-30,101.8,102.24,100.91,101.76,26440000.0,101.76
1979-03-31,102.03,102.51,101.03,101.59,29970000.0,101.59
1979-02-28,96.13,96.69,95.38,96.28,25090000.0,96.28
1979-01-31,101.05,101.41,99.47,99.93,30330000.0,99.93
1978-12-31,96.28,97.03,95.48,96.11,30030000.0,96.11
1978-11-30,93.75,94.94,93.29,94.7,19900000.0,94.7
1978-10-31,95.06,95.8,92.72,93.15,42720000.0,93.15
1978-09-30,101.96,103.08,101.65,102.54,23610000.0,102.54
1978-08-31,103.5,104.05,102.63,103.29,33850000.0,103.29
1978-07-31,100.0,101.18,99.37,100.68,33990000.0,100.68
1978-06-30,95.57,95.96,94.87,95.53,18100000.0,95.53
1978-05-31,96.86,97.97,96.5,97.24,29070000.0,97.24
1978-04-30,95.86,97.1,95.24,96.83,32850000.0,96.83
1978-03-31,89.41,89.64,88.68,89.21,20130000.0,89.21
1978-02-28,87.72,87.76,86.58,87.04,19750000.0,87.04
1978-01-31,89.34,89.92,88.61,89.25,19870000.0,89.25
1977-12-31,94.94,95.67,94.44,95.1,23560000.0,95.1
1977-11-30,94.55,95.17,93.78,94.83,22670000.0,94.83
1977-10-31,92.61,93.03,91.85,92.34,17070000.0,92.34
1977-09-30,95.85,96.85,95.66,96.53,21170000.0,96.53
1977-08-31,96.38,97.0,95.59,96.77,19080000.0,96.77
1977-07-31,98.79,99.21,97.71,98.85,20350000.0,98.85
1977-06-30,100.11,100.88,99.68,100.48,19410000.0,100.48
1977-05-31,96.27,96.75,95.52,96.12,17800000.0,96.12
1977-04-30,98.2,98.87,97.58,98.44,18330000.0,98.44
1977-03-31,98.54,99.14,97.8,98.42,16510000.0,98.42
1977-02-28,99.48,100.06,98.91,99.82,16220000.0,99.82
1977-01-31,101.93,102.44,100.91,102.03,22920000.0,102.03
1976-12-31,106.88,107.82,106.55,107.46,19170000.0,107.46
1976-11-30,102.44,102.72,101.46,102.1,17030000.0,102.1
1976-10-31,101.61,103.1,101.15,102.9,17030000.0,102.9
1976-09-30,105.37,105.84,104.57,105.24,14700000.0,105.24
1976-08-31,102.07,103.38,101.94,102.91,15480000.0,102.91
1976-07-31,102.93,103.88,102.47,103.44,14830000.0,103.44
1976-06-30,103.86,105.07,103.52,104.28,23830000.0,104.28
1976-05-31,99.38,100.64,99.0,100.18,16860000.0,100.18
1976-04-30,102.13,102.65,101.16,101.64,14530000.0,101.64
1976-03-31,102.01,103.08,101.6,102.77,17520000.0,102.77
1976-02-29,100.11,100.53,98.6,99.71,26940000.0,99.71
1976-01-31,100.11,101.99,99.94,100.86,38510000.0,100.86
1975-12-31,89.77,90.75,89.17,90.19,16970000.0,90.19
1975-11-30,90.94,91.74,90.44,91.24,12870000.0,91.24
1975-10-31,89.31,89.8,88.35,89.04,12910000.0,89.04
1975-09-30,85.01,85.01,83.44,83.87,12520000.0,83.87
1975-08-31,86.4,87.73,86.1,86.88,15480000.0,86.88
1975-07-31,88.83,90.07,88.31,88.75,14540000.0,88.75
1975-06-30,94.81,95.85,94.3,95.19,19430000.0,95.19
1975-05-31,89.87,91.62,89.87,91.15,22670000.0,91.15
1975-04-30,85.64,87.61,85.0,87.3,18060000.0,87.3
1975-03-31,83.85,84.62,82.84,83.36,16270000.0,83.36
1975-02-28,80.77,82.02,80.07,81.59,17560000.0,81.59
1975-01-31,76.21,77.72,75.41,76.98,24640000.0,76.98
1974-12-31,67.16,69.04,67.15,68.56,20970000.0,68.56
1974-11-30,69.94,70.49,69.18,69.97,7400000.0,69.97
1974-10-31,74.31,75.9,73.15,73.9,18840000.0,73.9
1974-09-30,64.85,64.85,62.52,63.54,15000000.0,63.54
1974-08-31,70.22,72.68,70.22,72.15,16230000.0,72.15
1974-07-31,80.5,80.82,78.96,79.31,10960000.0,79.31
1974-06-30,86.31,86.78,85.13,86.0,12010000.0,86.0
1974-05-31,87.43,88.02,86.19,87.28,10810000.0,87.28
1974-04-30,90.0,91.09,89.38,90.31,10980000.0,90.31
1974-03-31,94.82,95.12,93.44,93.98,12150000.0,93.98
1974-02-28,96.4,96.98,95.2,96.22,13680000.0,96.22
1974-01-31,97.06,98.06,96.11,96.57,14020000.0,96.57
1973-12-31,97.54,98.3,95.95,97.55,23470000.0,97.55
1973-11-30,97.31,97.55,95.4,95.96,15380000.0,95.96
1973-10-31,109.33,109.82,107.64,108.29,17890000.0,108.29
1973-09-30,109.08,109.42,107.48,108.43,16300000.0,108.43
1973-08-31,103.88,104.72,103.15,104.25,10530000.0,104.25
1973-07-31,109.25,110.09,107.89,108.22,13530000.0,108.22
1973-06-30,104.69,105.3,103.68,104.26,10770000.0,104.26
1973-05-31,105.91,106.3,104.35,104.95,12190000.0,104.95
1973-04-30,107.23,107.9,105.44,106.97,14820000.0,106.97
1973-03-31,112.71,112.87,110.89,111.52,13740000.0,111.52
1973-02-28,110.9,112.21,109.8,111.68,17950000.0,111.68
1973-01-31,115.83,116.84,115.05,116.03,14870000.0,116.03
1972-12-31,116.93,118.77,116.7,118.05,27550000.0,118.05
1972-11-30,116.52,117.39,115.74,116.67,19340000.0,116.67
1972-10-31,110.59,112.05,110.4,111.58,15450000.0,111.58
1972-09-30,110.35,110.55,108.05,110.55,16250000.0,110.55
1972-08-31,110.57,111.52,110.08,111.09,12340000.0,111.09
1972-07-31,107.38,108.06,106.6,107.39,11120000.0,107.39
1972-06-30,106.82,107.91,106.4,107.14,12860000.0,107.14
1972-05-31,110.35,110.52,108.92,109.53,15230000.0,109.53
1972-04-30,107.05,108.28,106.7,107.67,14160000.0,107.67
1972-03-31,106.49,107.67,106.07,107.2,14360000.0,107.2
1972-02-29,106.19,107.16,105.45,106.57,20320000.0,106.57
1972-01-31,104.16,104.88,103.3,103.94,18250000.0,103.94
1971-12-31,102.09,102.09,102.09,102.09,14040000.0,102.09
1971-11-30,93.41,94.43,92.51,93.99,18320000.0,93.99
1971-10-31,93.96,94.71,93.28,94.23,11710000.0,94.23
1971-09-30,97.9,98.97,97.48,98.34,13490000.0,98.34
1971-08-31,99.52,99.76,98.32,99.03,10430000.0,99.03
1971-07-31,96.02,96.78,95.08,95.58,12970000.0,95.58
1971-06-30,98.82,100.29,98.68,98.7,15410000.0,98.7
1971-05-31,99.4,100.17,98.68,99.63,11760000.0,99.63
1971-04-30,104.63,104.96,103.25,103.95,17490000.0,103.95
1971-03-31,100.26,101.05,99.69,100.31,17610000.0,100.31
1971-02-28,96.96,97.54,95.84,96.75,17250000.0,96.75
1971-01-31,95.21,96.49,94.79,95.88,20960000.0,95.88
1970-12-31,92.27,92.79,91.36,92.15,13390000.0,92.15
1970-11-30,85.93,87.6,85.79,87.2,17700000.0,87.2
1970-10-31,83.36,83.8,82.52,83.25,10520000.0,83.25
1970-09-30,83.86,84.99,82.78,84.3,14830000.0,84.3
1970-08-31,81.86,82.33,80.95,81.52,10740000.0,81.52
1970-07-31,78.07,79.03,77.44,78.05,11640000.0,78.05
1970-06-30,72.89,73.89,72.25,72.72,9280000.0,72.72
1970-05-31,74.61,76.92,73.53,76.55,14630000.0,76.55
1970-04-30,81.81,82.57,80.76,81.52,9880000.0,81.52
1970-03-31,89.63,90.17,88.85,89.63,8370000.0,89.63
1970-02-28,88.9,90.33,88.42,89.5,12890000.0,89.5
1970-01-31,85.69,86.33,84.42,85.02,12320000.0,85.02
1969-12-31,91.6,92.94,91.15,92.06,19380000.0,92.06
1969-11-30,93.27,94.41,92.88,93.81,8550000.0,93.81
1969-10-31,96.93,98.03,96.33,97.12,13100000.0,97.12
1969-09-30,93.41,94.05,92.55,93.12,9180000.0,93.12
1969-08-31,94.89,95.51,94.46,95.51,8850000.0,95.51
1969-07-31,89.96,92.4,89.96,91.83,14160000.0,91.83
1969-06-30,97.33,98.64,96.82,97.71,8640000.0,97.71
1969-05-31,103.26,104.27,102.76,103.46,11770000.0,103.46
1969-04-30,102.79,104.56,102.5,103.69,19350000.0,103.69
1969-03-31,101.1,102.35,100.73,101.51,12430000.0,101.51
1969-02-28,98.14,99.02,97.53,98.13,8990000.0,98.13
1969-01-31,102.55,103.64,102.08,103.01,12020000.0,103.01
1968-12-31,103.8,104.61,102.98,103.86,13130000.0,103.86
1968-11-30,107.76,109.09,107.32,108.37,14390000.0,108.37
1968-10-31,103.3,104.57,102.43,103.41,17650000.0,103.41
1968-09-30,102.31,103.29,101.71,102.67,13610000.0,102.67
1968-08-31,98.74,99.52,98.2,98.86,8190000.0,98.86
1968-07-31,97.65,98.62,96.84,97.74,10250000.0,97.74
1968-06-30,99.98,100.63,98.91,99.58,12040000.0,99.58
1968-05-31,97.92,99.4,97.66,98.68,13090000.0,98.68
1968-04-30,97.97,98.17,96.58,97.46,14380000.0,97.46
1968-03-31,89.57,90.92,89.21,90.2,9000000.0,90.2
1968-02-29,90.08,90.24,88.93,89.36,7700000.0,89.36
1968-01-31,92.89,93.26,91.27,92.24,9410000.0,92.24
1967-12-31,95.89,96.9,95.85,96.47,14950000.0,96.47
1967-11-30,94.47,94.94,93.49,94.0,8860000.0,94.0
1967-10-31,94.79,95.25,93.29,93.3,12020000.0,93.3
1967-09-30,96.79,97.37,96.06,96.71,9710000.0,96.71
1967-08-31,93.07,94.19,92.84,93.64,8840000.0,93.64
1967-07-31,94.49,95.51,94.01,94.75,10330000.0,94.75
1967-06-30,90.64,90.64,90.64,90.64,7850000.0,90.64
1967-05-31,90.39,90.39,88.71,89.08,8870000.0,89.08
1967-04-30,93.81,94.77,93.33,94.01,11200000.0,94.01
1967-03-31,90.7,91.15,89.75,90.2,8130000.0,90.2
1967-02-28,86.46,87.26,85.61,86.78,9970000.0,86.78
1967-01-31,86.66,87.46,86.06,86.61,11540000.0,86.61
1966-12-31,80.37,81.14,79.66,80.33,11330000.0,80.33
1966-11-30,80.42,80.9,79.62,80.45,7230000.0,80.45
1966-10-31,80.24,80.82,79.34,80.2,5860000.0,80.2
1966-09-30,76.31,77.09,75.45,76.56,6170000.0,76.56
1966-08-31,75.98,78.06,75.98,77.1,8690000.0,77.1
1966-07-31,83.77,84.3,83.1,83.6,5150000.0,83.6
1966-06-30,84.86,85.37,83.75,84.74,7250000.0,84.74
1966-05-31,87.33,87.65,85.8,86.13,5770000.0,86.13
1966-04-30,91.13,91.86,90.57,91.06,7220000.0,91.06
1966-03-31,88.78,89.7,88.47,89.23,6690000.0,89.23
1966-02-28,91.14,91.95,90.65,91.22,9910000.0,91.22
1966-01-31,93.31,93.77,92.46,92.88,7800000.0,92.88
1965-12-31,92.2,93.05,91.82,92.43,7240000.0,92.43
1965-11-30,91.8,92.14,90.81,91.61,8990000.0,91.61
1965-10-31,92.21,92.94,91.83,92.42,7240000.0,92.42
1965-09-30,90.02,90.71,89.51,89.96,8670000.0,89.96
1965-08-31,87.21,87.79,86.78,87.17,5170000.0,87.17
1965-07-31,84.68,85.64,84.64,85.25,5200000.0,85.25
1965-06-30,82.97,84.63,82.97,84.12,6930000.0,84.12
1965-05-31,87.84,88.68,87.58,88.42,4270000.0,88.42
1965-04-30,88.93,89.44,88.5,89.11,5190000.0,89.11
1965-03-31,86.2,86.64,85.83,86.16,4470000.0,86.16
1965-02-28,87.2,87.84,86.81,87.43,5800000.0,87.43
1965-01-31,87.48,88.19,87.18,87.56,6940000.0,87.56
1964-12-31,84.3,85.18,84.18,84.75,6470000.0,84.75
1964-11-30,85.16,85.41,84.1,84.42,4890000.0,84.42
1964-10-31,84.73,85.22,84.41,84.86,4120000.0,84.86
1964-09-30,84.24,84.66,83.86,84.18,4720000.0,84.18
1964-08-31,81.99,82.48,81.46,81.83,3340000.0,81.83
1964-07-31,83.09,83.57,82.72,83.18,4220000.0,83.18
1964-06-30,81.64,82.07,81.19,81.69,4360000.0,81.69
1964-05-31,80.26,80.75,79.88,80.37,4560000.0,80.37
1964-04-30,79.7,80.08,79.08,79.46,5690000.0,79.46
1964-03-31,79.14,79.51,78.57,78.98,5270000.0,78.98
1964-02-29,77.62,78.06,77.2,77.8,4980000.0,77.8
1964-01-31,76.7,77.37,76.39,77.04,4000000.0,77.04
1963-12-31,74.56,75.36,74.4,75.02,6730000.0,75.02
1963-11-30,72.25,73.47,72.05,73.23,4810000.0,73.23
1963-10-31,73.8,74.35,73.25,74.01,5030000.0,74.01
1963-09-30,72.13,72.37,71.28,71.7,3730000.0,71.7
1963-08-31,72.16,72.71,71.88,72.5,4560000.0,72.5
1963-07-31,69.24,69.83,68.91,69.13,3960000.0,69.13
1963-06-30,69.07,69.68,68.93,69.37,3020000.0,69.37
1963-05-31,70.33,71.14,70.27,70.8,4680000.0,70.8
1963-04-30,69.65,70.18,69.26,69.8,4680000.0,69.8
1963-03-31,66.58,66.9,66.23,66.57,3390000.0,66.57
1963-02-28,65.01,65.14,64.08,64.29,4090000.0,64.29
1963-01-31,65.85,66.45,65.51,66.2,4270000.0,66.2
1962-12-31,62.96,63.43,62.68,63.1,5420000.0,63.1
1962-11-30,62.41,62.78,61.78,62.26,4570000.0,62.26
1962-10-31,56.54,57.0,56.19,56.52,3090000.0,56.52
1962-09-30,55.77,56.58,55.59,56.27,2850000.0,56.27
1962-08-31,58.68,59.25,58.45,59.12,2830000.0,59.12
1962-07-31,57.83,58.58,57.74,58.23,4190000.0,58.23
1962-06-30,54.41,55.47,54.2,54.75,4720000.0,54.75
1962-05-31,58.8,60.82,58.8,59.63,10710000.0,59.63
1962-04-30,66.3,66.9,64.95,65.24,4150000.0,65.24
1962-03-31,70.01,70.09,69.16,69.55,2950000.0,69.55
1962-02-28,69.89,70.42,69.57,69.96,3030000.0,69.96
1962-01-31,68.17,69.09,68.12,68.84,3840000.0,68.84
1961-12-31,71.55,71.55,71.55,71.55,5370000.0,71.55
1961-11-30,71.32,71.32,71.32,71.32,4210000.0,71.32
1961-10-31,68.62,68.62,68.62,68.62,3350000.0,68.62
1961-09-30,66.73,66.73,66.73,66.73,3060000.0,66.73
1961-08-31,68.07,68.07,68.07,68.07,2920000.0,68.07
1961-07-31,66.76,66.76,66.76,66.76,3170000.0,66.76
1961-06-30,64.64,64.64,64.64,64.64,2380000.0,64.64
1961-05-31,66.56,66.56,66.56,66.56,4320000.0,66.56
1961-04-30,65.31,65.31,65.31,65.31,3710000.0,65.31
1961-03-31,65.06,65.06,65.06,65.06,5610000.0,65.06
1961-02-28,63.44,63.44,63.44,63.44,5830000.0,63.44
1961-01-31,61.78,61.78,61.78,61.78,4690000.0,61.78
1960-12-31,58.11,58.11,58.11,58.11,5300000.0,58.11
1960-11-30,55.54,55.54,55.54,55.54,3080000.0,55.54
1960-10-31,53.39,53.39,53.39,53.39,2460000.0,53.39
1960-09-30,53.52,53.52,53.52,53.52,3370000.0,53.52
1960-08-31,56.96,56.96,56.96,56.96,3130000.0,56.96
1960-07-31,55.51,55.51,55.51,55.51,2730000.0,55.51
1960-06-30,56.92,56.92,56.92,56.92,2940000.0,56.92
1960-05-31,55.83,55.83,55.83,55.83,3750000.0,55.83
1960-04-30,54.37,54.37,54.37,54.37,2850000.0,54.37
1960-03-31,55.34,55.34,55.34,55.34,2690000.0,55.34
1960-02-29,56.12,56.12,56.12,56.12,2990000.0,56.12
1960-01-31,55.61,55.61,55.61,55.61,3060000.0,55.61
1959-12-31,59.89,59.89,59.89,59.89,3810000.0,59.89
1959-11-30,58.28,58.28,58.28,58.28,3670000.0,58.28
1959-10-31,57.52,57.52,57.52,57.52,3560000.0,57.52
1959-09-30,56.88,56.88,56.88,56.88,2850000.0,56.88
1959-08-31,59.6,59.6,59.6,59.6,2140000.0,59.6
1959-07-31,60.51,60.51,60.51,60.51,2270000.0,60.51
1959-06-30,58.47,58.47,58.47,58.47,3200000.0,58.47
1959-05-31,58.68,58.68,58.68,58.68,2790000.0,58.68
1959-04-30,57.59,57.59,57.59,57.59,3510000.0,57.59
1959-03-31,55.44,55.44,55.44,55.44,2820000.0,55.44
1959-02-28,55.41,55.41,55.41,55.41,4300000.0,55.41
1959-01-31,55.45,55.45,55.45,55.45,3600000.0,55.45
1958-12-31,55.21,55.21,55.21,55.21,3970000.0,55.21
1958-11-30,52.48,52.48,52.48,52.48,4120000.0,52.48
1958-10-31,51.33,51.33,51.33,51.33,3920000.0,51.33
1958-09-30,50.06,50.06,50.06,50.06,4160000.0,50.06
1958-08-31,47.75,47.75,47.75,47.75,2260000.0,47.75
1958-07-31,47.19,47.19,47.19,47.19,4440000.0,47.19
1958-06-30,45.24,45.24,45.24,45.24,2820000.0,45.24
1958-05-31,44.09,44.09,44.09,44.09,2350000.0,44.09
1958-04-30,43.44,43.44,43.44,43.44,2900000.0,43.44
1958-03-31,42.1,42.1,42.1,42.1,2050000.0,42.1
1958-02-28,40.84,40.84,40.84,40.84,1580000.0,40.84
1958-01-31,41.7,41.7,41.7,41.7,2030000.0,41.7
1957-12-31,39.99,39.99,39.99,39.99,5070000.0,39.99
1957-11-30,41.72,41.72,41.72,41.72,2740000.0,41.72
1957-10-31,41.06,41.06,41.06,41.06,2170000.0,41.06
1957-09-30,42.42,42.42,42.42,42.42,1520000.0,42.42
1957-08-31,45.22,45.22,45.22,45.22,1600000.0,45.22
1957-07-31,47.91,47.91,47.91,47.91,1830000.0,47.91
1957-06-30,47.37,47.37,47.37,47.37,1770000.0,47.37
1957-05-31,47.43,47.43,47.43,47.43,2050000.0,47.43
1957-04-30,45.74,45.74,45.74,45.74,2200000.0,45.74
1957-03-31,44.11,44.11,44.11,44.11,1650000.0,44.11
1957-02-28,43.26,43.26,43.26,43.26,1620000.0,43.26
1957-01-31,44.72,44.72,44.72,44.72,1920000.0,44.72
1956-12-31,46.67,46.67,46.67,46.67,3680000.0,46.67
1956-11-30,45.08,45.08,45.08,45.08,2300000.0,45.08
1956-10-31,45.58,45.58,45.58,45.58,2280000.0,45.58
1956-09-30,45.35,45.35,45.35,45.35,1720000.0,45.35
1956-08-31,47.51,47.51,47.51,47.51,1620000.0,47.51
1956-07-31,49.39,49.39,49.39,49.39,2520000.0,49.39
1956-06-30,46.97,46.97,46.97,46.97,1780000.0,46.97
1956-05-31,45.2,45.2,45.2,45.2,2020000.0,45.2
1956-04-30,48.38,48.38,48.38,48.38,2730000.0,48.38
1956-03-31,48.48,48.48,48.48,48.48,3480000.0,48.48
1956-02-29,45.34,45.34,45.34,45.34,3900000.0,45.34
1956-01-31,43.82,43.82,43.82,43.82,1900000.0,43.82
1955-12-31,45.48,45.48,45.48,45.48,2820000.0,45.48
1955-11-30,45.51,45.51,45.51,45.51,2900000.0,45.51
1955-10-31,42.34,42.34,42.34,42.34,1800000.0,42.34
1955-09-30,43.67,43.67,43.67,43.67,2140000.0,43.67
1955-08-31,43.18,43.18,43.18,43.18,1850000.0,43.18
1955-07-31,43.52,43.52,43.52,43.52,2070000.0,43.52
1955-06-30,41.03,41.03,41.03,41.03,2370000.0,41.03
1955-05-31,37.91,37.91,37.91,37.91,1990000.0,37.91
1955-04-30,37.96,37.96,37.96,37.96,2230000.0,37.96
1955-03-31,36.58,36.58,36.58,36.58,2680000.0,36.58
1955-02-28,36.76,36.76,36.76,36.76,2620000.0,36.76
1955-01-31,36.63,36.63,36.63,36.63,3500000.0,36.63
1954-12-31,35.98,35.98,35.98,35.98,3840000.0,35.98
1954-11-30,34.24,34.24,34.24,34.24,3440000.0,34.24
1954-10-31,31.68,31.68,31.68,31.68,1900000.0,31.68
1954-09-30,32.31,32.31,32.31,32.31,1840000.0,32.31
1954-08-31,29.83,29.83,29.83,29.83,2640000.0,29.83
1954-07-31,30.88,30.88,30.88,30.88,2800000.0,30.88
1954-06-30,29.21,29.21,29.21,29.21,1950000.0,29.21
1954-05-31,29.19,29.19,29.19,29.19,1940000.0,29.19
1954-04-30,28.26,28.26,28.26,28.26,2450000.0,28.26
1954-03-31,26.94,26.94,26.94,26.94,2690000.0,26.94
1954-02-28,26.15,26.15,26.15,26.15,1910000.0,26.15
1954-01-31,26.08,26.08,26.08,26.08,1950000.0,26.08
1953-12-31,24.81,24.81,24.81,24.81,2490000.0,24.81
1953-11-30,24.76,24.76,24.76,24.76,1960000.0,24.76
1953-10-31,24.54,24.54,24.54,24.54,1400000.0,24.54
1953-09-30,23.35,23.35,23.35,23.35,940000.0,23.35
1953-08-31,23.32,23.32,23.32,23.32,2190000.0,23.32
1953-07-31,24.75,24.75,24.75,24.75,1320000.0,24.75
1953-06-30,24.14,24.14,24.14,24.14,820000.0,24.14
1953-05-31,24.54,24.54,24.54,24.54,920000.0,24.54
1953-04-30,24.62,24.62,24.62,24.62,1140000.0,24.62
1953-03-31,25.29,25.29,25.29,25.29,3120000.0,25.29
1953-02-28,25.9,25.9,25.9,25.9,1990000.0,25.9
1953-01-31,26.38,26.38,26.38,26.38,1760000.0,26.38
1952-12-31,26.57,26.57,26.57,26.57,2050000.0,26.57
1952-11-30,25.66,25.66,25.66,25.66,2160000.0,25.66
1952-10-31,24.52,24.52,24.52,24.52,1760000.0,24.52
1952-09-30,24.54,24.54,24.54,24.54,1120000.0,24.54
1952-08-31,25.03,25.03,25.03,25.03,890000.0,25.03
1952-07-31,25.4,25.4,25.4,25.4,1230000.0,25.4
1952-06-30,24.96,24.96,24.96,24.96,1380000.0,24.96
1952-05-31,23.86,23.86,23.86,23.86,1100000.0,23.86
1952-04-30,23.32,23.32,23.32,23.32,1000000.0,23.32
1952-03-31,24.37,24.37,24.37,24.37,1680000.0,24.37
1952-02-29,23.26,23.26,23.26,23.26,1000000.0,23.26
1952-01-31,24.14,24.14,24.14,24.14,1810000.0,24.14
1951-12-31,23.77,23.77,23.77,23.77,1440000.0,23.77
1951-11-30,22.88,22.88,22.88,22.88,1530000.0,22.88
1951-10-31,22.94,22.94,22.94,22.94,1490000.0,22.94
1951-09-30,23.26,23.26,23.26,23.26,1390000.0,23.26
1951-08-31,23.28,23.28,23.28,23.28,1530000.0,23.28
1951-07-31,22.4,22.4,22.4,22.4,1550000.0,22.4
1951-06-30,20.96,20.96,20.96,20.96,1730000.0,20.96
1951-05-31,21.52,21.52,21.52,21.52,1220000.0,21.52
1951-04-30,22.43,22.43,22.43,22.43,1790000.0,22.43
1951-03-31,21.48,21.48,21.48,21.48,1150000.0,21.48
1951-02-28,21.8,21.8,21.8,21.8,1640000.0,21.8
1951-01-31,21.66,21.66,21.66,21.66,2340000.0,21.66
1950-12-31,20.43,20.43,20.43,20.43,3440000.0,20.43
1950-11-30,19.51,19.51,19.51,19.51,2080000.0,19.51
1950-10-31,19.53,19.53,19.53,19.53,2010000.0,19.53
1950-09-30,19.45,19.45,19.45,19.45,1800000.0,19.45
1950-08-31,18.42,18.42,18.42,18.42,1140000.0,18.42
1950-07-31,17.84,17.84,17.84,17.84,1590000.0,17.84
1950-06-30,17.69,17.69,17.69,17.69,2660000.0,17.69
1950-05-31,18.78,18.78,18.78,18.78,1530000.0,18.78
1950-04-30,17.96,17.96,17.96,17.96,2190000.0,17.96
1950-03-31,17.29,17.29,17.29,17.29,1880000.0,17.29
1950-02-28,17.22,17.22,17.22,17.22,1310000.0,17.22
1950-01-31,17.05,17.05,17.05,17.05,1690000.0,17.05
