date,TICKER,PRC,RET
2004-11-18 00:00:00,GLD,44.380000000000003,C
2004-11-19 00:00:00,GLD,44.780000000000001,0.009013
2004-11-22 00:00:00,GLD,44.950000000000003,0.003796
2004-11-23 00:00:00,GLD,44.75,-0.004449
2004-11-24 00:00:00,GLD,45.049999999999997,0.006704
2004-11-26 00:00:00,GLD,45.289999999999999,0.005327
2004-11-29 00:00:00,GLD,45.399999999999999,0.002429
2004-11-30 00:00:00,GLD,45.119999999999997,-0.006167
2004-12-01 00:00:00,GLD,45.380000000000003,0.005762
2004-12-02 00:00:00,GLD,44.950000000000003,-0.009476
2004-12-03 00:00:00,GLD,45.600000000000001,0.01446
2004-12-06 00:00:00,GLD,45.170000000000002,-0.00943
2004-12-07 00:00:00,GLD,45.109999999999999,-0.001328
2004-12-08 00:00:00,GLD,44.009999999999998,-0.024385
2004-12-09 00:00:00,GLD,43.780000000000001,-0.005226
2004-12-10 00:00:00,GLD,43.439999999999998,-0.007766
2004-12-13 00:00:00,GLD,43.909999999999997,0.01082
2004-12-14 00:00:00,GLD,43.549999999999997,-0.008199
2004-12-15 00:00:00,GLD,43.990000000000002,0.010103
2004-12-16 00:00:00,GLD,43.68,-0.007047
2004-12-17 00:00:00,GLD,44.189999999999998,0.011676
2004-12-20 00:00:00,GLD,44.340000000000003,0.003394
2004-12-21 00:00:00,GLD,44.219999999999999,-0.002706
2004-12-22 00:00:00,GLD,44.020000000000003,-0.004523
2004-12-23 00:00:00,GLD,44.270000000000003,0.005679
2004-12-27 00:00:00,GLD,44.479999999999997,0.004744
2004-12-28 00:00:00,GLD,44.369999999999997,-0.002473
2004-12-29 00:00:00,GLD,43.659999999999997,-0.016002
2004-12-30 00:00:00,GLD,43.829999999999998,0.003894
2004-12-31 00:00:00,GLD,43.799999999999997,-0.000685
2005-01-03 00:00:00,GLD,43.020000000000003,-0.017808
2005-01-04 00:00:00,GLD,42.740000000000002,-0.006509
2005-01-05 00:00:00,GLD,42.670000000000002,-0.001638
2005-01-06 00:00:00,GLD,42.149999999999999,-0.012186
2005-01-07 00:00:00,GLD,41.840000000000003,-0.007355
2005-01-10 00:00:00,GLD,41.950000000000003,0.002629
2005-01-11 00:00:00,GLD,42.210000000000001,0.006198
2005-01-12 00:00:00,GLD,42.600000000000001,0.00924
2005-01-13 00:00:00,GLD,42.600000000000001,0
2005-01-14 00:00:00,GLD,42.32,-0.006573
2005-01-18 00:00:00,GLD,42.32,0
2005-01-19 00:00:00,GLD,42.259999999999998,-0.001418
2005-01-20 00:00:00,GLD,42.25,-0.000237
2005-01-21 00:00:00,GLD,42.740000000000002,0.011598
2005-01-24 00:00:00,GLD,42.770000000000003,0.000702
2005-01-25 00:00:00,GLD,42.240000000000002,-0.012392
2005-01-26 00:00:00,GLD,42.689999999999998,0.010653
2005-01-27 00:00:00,GLD,42.619999999999997,-0.00164
2005-01-28 00:00:00,GLD,42.689999999999998,0.001642
2005-01-31 00:00:00,GLD,42.219999999999999,-0.01101
2005-02-01 00:00:00,GLD,42.100000000000001,-0.002842
2005-02-02 00:00:00,GLD,42.159999999999997,0.001425
2005-02-03 00:00:00,GLD,41.68,-0.011385
2005-02-04 00:00:00,GLD,41.469999999999999,-0.005038
2005-02-07 00:00:00,GLD,41.270000000000003,-0.004823
2005-02-08 00:00:00,GLD,41.259999999999998,-0.000242
2005-02-09 00:00:00,GLD,41.310000000000002,0.001212
2005-02-10 00:00:00,GLD,41.75,0.010651
2005-02-11 00:00:00,GLD,42.079999999999998,0.007904
2005-02-14 00:00:00,GLD,42.549999999999997,0.011169
2005-02-15 00:00:00,GLD,42.579999999999998,0.000705
2005-02-16 00:00:00,GLD,42.520000000000003,-0.001409
2005-02-17 00:00:00,GLD,42.729999999999997,0.004939
2005-02-18 00:00:00,GLD,42.75,0.000468
2005-02-22 00:00:00,GLD,43.57,0.019181
2005-02-23 00:00:00,GLD,43.420000000000002,-0.003443
2005-02-24 00:00:00,GLD,43.329999999999998,-0.002073
2005-02-25 00:00:00,GLD,43.5,0.003923
2005-02-28 00:00:00,GLD,43.520000000000003,0.00046
2005-03-01 00:00:00,GLD,43.219999999999999,-0.006893
2005-03-02 00:00:00,GLD,43.25,0.000694
2005-03-03 00:00:00,GLD,42.969999999999999,-0.006474
2005-03-04 00:00:00,GLD,43.380000000000003,0.009542
2005-03-07 00:00:00,GLD,43.469999999999999,0.002075
2005-03-08 00:00:00,GLD,44.030000000000001,0.012882
2005-03-09 00:00:00,GLD,44.020000000000003,-0.000227
2005-03-10 00:00:00,GLD,44.200000000000003,0.004089
2005-03-11 00:00:00,GLD,44.43,0.005204
2005-03-14 00:00:00,GLD,44.030000000000001,-0.009003
2005-03-15 00:00:00,GLD,44.060000000000002,0.000681
2005-03-16 00:00:00,GLD,44.310000000000002,0.005674
2005-03-17 00:00:00,GLD,43.82,-0.011058
2005-03-18 00:00:00,GLD,43.891999999999996,0.001643
2005-03-21 00:00:00,GLD,43.090000000000003,-0.018272
2005-03-22 00:00:00,GLD,42.649999999999999,-0.010211
2005-03-23 00:00:00,GLD,42.420000000000002,-0.005393
2005-03-24 00:00:00,GLD,42.390000000000001,-0.000707
2005-03-28 00:00:00,GLD,42.539999999999999,0.003539
2005-03-29 00:00:00,GLD,42.560000000000002,0.00047
2005-03-30 00:00:00,GLD,42.609999999999999,0.001175
2005-03-31 00:00:00,GLD,42.82,0.004928
2005-04-01 00:00:00,GLD,42.619999999999997,-0.004671
2005-04-04 00:00:00,GLD,42.399999999999999,-0.005162
2005-04-05 00:00:00,GLD,42.450000000000003,0.001179
2005-04-06 00:00:00,GLD,42.630000000000003,0.00424
2005-04-07 00:00:00,GLD,42.57,-0.001407
2005-04-08 00:00:00,GLD,42.689999999999998,0.002819
2005-04-11 00:00:00,GLD,42.780000000000001,0.002108
2005-04-12 00:00:00,GLD,42.840000000000003,0.001403
2005-04-13 00:00:00,GLD,42.899999999999999,0.001401
2005-04-14 00:00:00,GLD,42.310000000000002,-0.013753
2005-04-15 00:00:00,GLD,42.399999999999999,0.002127
2005-04-18 00:00:00,GLD,42.689999999999998,0.00684
2005-04-19 00:00:00,GLD,43.280000000000001,0.013821
2005-04-20 00:00:00,GLD,43.399999999999999,0.002773
2005-04-21 00:00:00,GLD,43.189999999999998,-0.004839
2005-04-22 00:00:00,GLD,43.390000000000001,0.004631
2005-04-25 00:00:00,GLD,43.439999999999998,0.001152
2005-04-26 00:00:00,GLD,43.640000000000001,0.004604
2005-04-27 00:00:00,GLD,43.200000000000003,-0.010082
2005-04-28 00:00:00,GLD,43.0,-0.00463
2005-04-29 00:00:00,GLD,43.350000000000001,0.008139
2005-05-02 00:00:00,GLD,42.880000000000003,-0.010842
2005-05-03 00:00:00,GLD,42.759999999999998,-0.002799
2005-05-04 00:00:00,GLD,42.899999999999999,0.003274
2005-05-05 00:00:00,GLD,42.909999999999997,0.000233
2005-05-06 00:00:00,GLD,42.520000000000003,-0.009089
2005-05-09 00:00:00,GLD,42.549999999999997,0.000706
2005-05-10 00:00:00,GLD,42.640000000000001,0.002115
2005-05-11 00:00:00,GLD,42.689999999999998,0.001173
2005-05-12 00:00:00,GLD,42.159999999999997,-0.012415
2005-05-13 00:00:00,GLD,41.950000000000003,-0.004981
2005-05-16 00:00:00,GLD,41.880000000000003,-0.001669
2005-05-17 00:00:00,GLD,41.859999999999999,-0.000478
2005-05-18 00:00:00,GLD,42.049999999999997,0.004539
2005-05-19 00:00:00,GLD,41.979999999999997,-0.001665
2005-05-20 00:00:00,GLD,41.649999999999999,-0.007861
2005-05-23 00:00:00,GLD,41.619999999999997,-0.00072
2005-05-24 00:00:00,GLD,41.729999999999997,0.002643
2005-05-25 00:00:00,GLD,41.869999999999997,0.003355
2005-05-26 00:00:00,GLD,41.689999999999998,-0.004299
2005-05-27 00:00:00,GLD,41.880000000000003,0.004558
2005-05-31 00:00:00,GLD,41.649999999999999,-0.005492
2005-06-01 00:00:00,GLD,41.530000000000001,-0.002881
2005-06-02 00:00:00,GLD,42.100000000000001,0.013725
2005-06-03 00:00:00,GLD,42.170000000000002,0.001663
2005-06-06 00:00:00,GLD,42.479999999999997,0.007351
2005-06-07 00:00:00,GLD,42.380000000000003,-0.002354
2005-06-08 00:00:00,GLD,42.340000000000003,-0.000944
2005-06-09 00:00:00,GLD,42.270000000000003,-0.001653
2005-06-10 00:00:00,GLD,42.619999999999997,0.00828
2005-06-13 00:00:00,GLD,42.780000000000001,0.003754
2005-06-14 00:00:00,GLD,42.600000000000001,-0.004208
2005-06-15 00:00:00,GLD,42.740000000000002,0.003286
2005-06-16 00:00:00,GLD,43.460000000000001,0.016846
2005-06-17 00:00:00,GLD,43.630000000000003,0.003912
2005-06-20 00:00:00,GLD,43.659999999999997,0.000688
2005-06-21 00:00:00,GLD,43.810000000000002,0.003436
2005-06-22 00:00:00,GLD,43.719999999999999,-0.002054
2005-06-23 00:00:00,GLD,44.020000000000003,0.006862
2005-06-24 00:00:00,GLD,43.899999999999999,-0.002726
2005-06-27 00:00:00,GLD,43.909999999999997,0.000228
2005-06-28 00:00:00,GLD,43.450000000000003,-0.010476
2005-06-29 00:00:00,GLD,43.630000000000003,0.004143
2005-06-30 00:00:00,GLD,43.439999999999998,-0.004355
2005-07-01 00:00:00,GLD,42.700000000000003,-0.017035
2005-07-05 00:00:00,GLD,42.280000000000001,-0.009836
2005-07-06 00:00:00,GLD,42.25,-0.00071
2005-07-07 00:00:00,GLD,42.359999999999999,0.002604
2005-07-08 00:00:00,GLD,42.259999999999998,-0.002361
2005-07-11 00:00:00,GLD,42.539999999999999,0.006626
2005-07-12 00:00:00,GLD,42.640000000000001,0.002351
2005-07-13 00:00:00,GLD,42.350000000000001,-0.006801
2005-07-14 00:00:00,GLD,41.899999999999999,-0.010626
2005-07-15 00:00:00,GLD,42.049999999999997,0.00358
2005-07-18 00:00:00,GLD,42.009999999999998,-0.000951
2005-07-19 00:00:00,GLD,41.890000000000001,-0.002856
2005-07-20 00:00:00,GLD,42.200000000000003,0.0074
2005-07-21 00:00:00,GLD,42.460000000000001,0.006161
2005-07-22 00:00:00,GLD,42.450000000000003,-0.000235
2005-07-25 00:00:00,GLD,42.509999999999998,0.001413
2005-07-26 00:00:00,GLD,42.25,-0.006116
2005-07-27 00:00:00,GLD,42.439999999999998,0.004497
2005-07-28 00:00:00,GLD,42.75,0.007304
2005-07-29 00:00:00,GLD,42.82,0.001637
2005-08-01 00:00:00,GLD,43.130000000000003,0.00724
2005-08-02 00:00:00,GLD,43.140000000000001,0.000232
2005-08-03 00:00:00,GLD,43.530000000000001,0.00904
2005-08-04 00:00:00,GLD,43.68,0.003446
2005-08-05 00:00:00,GLD,43.600000000000001,-0.001832
2005-08-08 00:00:00,GLD,43.350000000000001,-0.005734
2005-08-09 00:00:00,GLD,43.340000000000003,-0.000231
2005-08-10 00:00:00,GLD,43.649999999999999,0.007153
2005-08-11 00:00:00,GLD,44.450000000000003,0.018328
2005-08-12 00:00:00,GLD,44.490000000000002,0.0009
2005-08-15 00:00:00,GLD,44.130000000000003,-0.008092
2005-08-16 00:00:00,GLD,44.549999999999997,0.009517
2005-08-17 00:00:00,GLD,43.909999999999997,-0.014366
2005-08-18 00:00:00,GLD,43.829999999999998,-0.001822
2005-08-19 00:00:00,GLD,43.600000000000001,-0.005248
2005-08-22 00:00:00,GLD,43.700000000000003,0.002294
2005-08-23 00:00:00,GLD,43.759999999999998,0.001373
2005-08-24 00:00:00,GLD,43.590000000000003,-0.003885
2005-08-25 00:00:00,GLD,43.729999999999997,0.003212
2005-08-26 00:00:00,GLD,43.609999999999999,-0.002744
2005-08-29 00:00:00,GLD,43.57,-0.000917
2005-08-30 00:00:00,GLD,43.009999999999998,-0.012853
2005-08-31 00:00:00,GLD,43.399999999999999,0.009068
2005-09-01 00:00:00,GLD,44.219999999999999,0.018894
2005-09-02 00:00:00,GLD,44.25,0.000678
2005-09-06 00:00:00,GLD,44.270000000000003,0.000452
2005-09-07 00:00:00,GLD,44.329999999999998,0.001355
2005-09-08 00:00:00,GLD,44.600000000000001,0.006091
2005-09-09 00:00:00,GLD,44.840000000000003,0.005381
2005-09-12 00:00:00,GLD,44.890000000000001,0.001115
2005-09-13 00:00:00,GLD,44.560000000000002,-0.007351
2005-09-14 00:00:00,GLD,44.960000000000001,0.008977
2005-09-15 00:00:00,GLD,45.420000000000002,0.010231
2005-09-16 00:00:00,GLD,45.82,0.008807
2005-09-19 00:00:00,GLD,46.25,0.009385
2005-09-20 00:00:00,GLD,46.229999999999997,-0.000432
2005-09-21 00:00:00,GLD,47.060000000000002,0.017954
2005-09-22 00:00:00,GLD,46.359999999999999,-0.014875
2005-09-23 00:00:00,GLD,46.280000000000001,-0.001726
2005-09-26 00:00:00,GLD,46.57,0.006266
2005-09-27 00:00:00,GLD,46.25,-0.006871
2005-09-28 00:00:00,GLD,46.799999999999997,0.011892
2005-09-29 00:00:00,GLD,47.100000000000001,0.00641
2005-09-30 00:00:00,GLD,46.700000000000003,-0.008493
2005-10-03 00:00:00,GLD,46.420000000000002,-0.005996
2005-10-04 00:00:00,GLD,46.450000000000003,0.000646
2005-10-05 00:00:00,GLD,46.359999999999999,-0.001938
2005-10-06 00:00:00,GLD,47.210000000000001,0.018335
2005-10-07 00:00:00,GLD,47.359999999999999,0.003177
2005-10-10 00:00:00,GLD,47.369999999999997,0.000211
2005-10-11 00:00:00,GLD,47.390000000000001,0.000422
2005-10-12 00:00:00,GLD,46.850000000000001,-0.011395
2005-10-13 00:00:00,GLD,47.020000000000003,0.003629
2005-10-14 00:00:00,GLD,46.799999999999997,-0.004679
2005-10-17 00:00:00,GLD,47.259999999999998,0.009829
2005-10-18 00:00:00,GLD,47.0,-0.005501
2005-10-19 00:00:00,GLD,46.340000000000003,-0.014043
2005-10-20 00:00:00,GLD,45.979999999999997,-0.007769
2005-10-21 00:00:00,GLD,46.520000000000003,0.011744
2005-10-24 00:00:00,GLD,46.390000000000001,-0.002795
2005-10-25 00:00:00,GLD,47.060000000000002,0.014443
2005-10-26 00:00:00,GLD,46.93,-0.002762
2005-10-27 00:00:00,GLD,47.18,0.005327
2005-10-28 00:00:00,GLD,47.219999999999999,0.000848
2005-10-31 00:00:00,GLD,46.399999999999999,-0.017366
2005-11-01 00:00:00,GLD,45.729999999999997,-0.01444
2005-11-02 00:00:00,GLD,46.130000000000003,0.008747
2005-11-03 00:00:00,GLD,45.960000000000001,-0.003685
2005-11-04 00:00:00,GLD,45.509999999999998,-0.009791
2005-11-07 00:00:00,GLD,45.770000000000003,0.005713
2005-11-08 00:00:00,GLD,45.909999999999997,0.003059
2005-11-09 00:00:00,GLD,46.560000000000002,0.014158
2005-11-10 00:00:00,GLD,46.479999999999997,-0.001718
2005-11-11 00:00:00,GLD,46.799999999999997,0.006885
2005-11-14 00:00:00,GLD,46.619999999999997,-0.003846
2005-11-15 00:00:00,GLD,46.659999999999997,0.000858
2005-11-16 00:00:00,GLD,47.780000000000001,0.024003
2005-11-17 00:00:00,GLD,48.479999999999997,0.01465
2005-11-18 00:00:00,GLD,48.460000000000001,-0.000413
2005-11-21 00:00:00,GLD,48.990000000000002,0.010937
2005-11-22 00:00:00,GLD,49.32,0.006736
2005-11-23 00:00:00,GLD,49.149999999999999,-0.003447
2005-11-25 00:00:00,GLD,49.420000000000002,0.005493
2005-11-28 00:00:00,GLD,49.740000000000002,0.006475
2005-11-29 00:00:00,GLD,49.799999999999997,0.001206
2005-11-30 00:00:00,GLD,49.100000000000001,-0.014056
2005-12-01 00:00:00,GLD,50.170000000000002,0.021792
2005-12-02 00:00:00,GLD,50.32,0.00299
2005-12-05 00:00:00,GLD,50.780000000000001,0.009141
2005-12-06 00:00:00,GLD,50.890000000000001,0.002166
2005-12-07 00:00:00,GLD,51.32,0.00845
2005-12-08 00:00:00,GLD,51.899999999999999,0.011302
2005-12-09 00:00:00,GLD,52.399999999999999,0.009634
2005-12-12 00:00:00,GLD,52.560000000000002,0.003053
2005-12-13 00:00:00,GLD,51.649999999999999,-0.017314
2005-12-14 00:00:00,GLD,50.350000000000001,-0.025169
2005-12-15 00:00:00,GLD,50.240000000000002,-0.002185
2005-12-16 00:00:00,GLD,50.090000000000003,-0.002986
2005-12-19 00:00:00,GLD,50.219999999999999,0.002595
2005-12-20 00:00:00,GLD,49.039999999999999,-0.023497
2005-12-21 00:00:00,GLD,49.369999999999997,0.006729
2005-12-22 00:00:00,GLD,50.140000000000001,0.015597
2005-12-23 00:00:00,GLD,50.119999999999997,-0.000399
2005-12-27 00:00:00,GLD,50.640000000000001,0.010375
2005-12-28 00:00:00,GLD,51.469999999999999,0.01639
2005-12-29 00:00:00,GLD,51.469999999999999,0
2005-12-30 00:00:00,GLD,51.579999999999998,0.002137
2006-01-03 00:00:00,GLD,53.119999999999997,0.029856
2006-01-04 00:00:00,GLD,53.299999999999997,0.003389
2006-01-05 00:00:00,GLD,52.340000000000003,-0.018011
2006-01-06 00:00:00,GLD,53.719999999999999,0.026366
2006-01-09 00:00:00,GLD,54.600000000000001,0.016381
2006-01-10 00:00:00,GLD,54.060000000000002,-0.00989
2006-01-11 00:00:00,GLD,54.530000000000001,0.008694
2006-01-12 00:00:00,GLD,54.43,-0.001834
2006-01-13 00:00:00,GLD,55.439999999999998,0.018556
2006-01-17 00:00:00,GLD,55.259999999999998,-0.003247
2006-01-18 00:00:00,GLD,54.07,-0.021535
2006-01-19 00:00:00,GLD,55.590000000000003,0.028112
2006-01-20 00:00:00,GLD,55.200000000000003,-0.007016
2006-01-23 00:00:00,GLD,55.770000000000003,0.010326
2006-01-24 00:00:00,GLD,55.729999999999997,-0.000717
2006-01-25 00:00:00,GLD,56.140000000000001,0.007357
2006-01-26 00:00:00,GLD,55.880000000000003,-0.004631
2006-01-27 00:00:00,GLD,55.630000000000003,-0.004474
2006-01-30 00:00:00,GLD,56.68,0.018875
2006-01-31 00:00:00,GLD,56.700000000000003,0.000353
2006-02-01 00:00:00,GLD,56.700000000000003,0
2006-02-02 00:00:00,GLD,56.979999999999997,0.004938
2006-02-03 00:00:00,GLD,56.5,-0.008424
2006-02-06 00:00:00,GLD,56.719999999999999,0.003894
2006-02-07 00:00:00,GLD,54.600000000000001,-0.037377
2006-02-08 00:00:00,GLD,54.829999999999998,0.004213
2006-02-09 00:00:00,GLD,56.18,0.024622
2006-02-10 00:00:00,GLD,54.789999999999999,-0.024742
2006-02-13 00:00:00,GLD,53.719999999999999,-0.019529
2006-02-14 00:00:00,GLD,54.490000000000002,0.014334
2006-02-15 00:00:00,GLD,53.759999999999998,-0.013397
2006-02-16 00:00:00,GLD,54.520000000000003,0.014137
2006-02-17 00:00:00,GLD,54.960000000000001,0.00807
2006-02-21 00:00:00,GLD,55.119999999999997,0.002911
2006-02-22 00:00:00,GLD,55.340000000000003,0.003991
2006-02-23 00:00:00,GLD,54.640000000000001,-0.012649
2006-02-24 00:00:00,GLD,55.640000000000001,0.018302
2006-02-27 00:00:00,GLD,55.219999999999999,-0.007548
2006-02-28 00:00:00,GLD,56.07,0.015393
2006-03-01 00:00:00,GLD,56.100000000000001,0.000535
2006-03-02 00:00:00,GLD,56.740000000000002,0.011408
2006-03-03 00:00:00,GLD,56.280000000000001,-0.008107
2006-03-06 00:00:00,GLD,55.229999999999997,-0.018657
2006-03-07 00:00:00,GLD,54.950000000000003,-0.00507
2006-03-08 00:00:00,GLD,53.969999999999999,-0.017834
2006-03-09 00:00:00,GLD,54.240000000000002,0.005003
2006-03-10 00:00:00,GLD,53.829999999999998,-0.007559
2006-03-13 00:00:00,GLD,54.310000000000002,0.008917
2006-03-14 00:00:00,GLD,54.869999999999997,0.010311
2006-03-15 00:00:00,GLD,55.119999999999997,0.004556
2006-03-16 00:00:00,GLD,55.340000000000003,0.003991
2006-03-17 00:00:00,GLD,55.119999999999997,-0.003975
2006-03-20 00:00:00,GLD,55.170000000000002,0.000907
2006-03-21 00:00:00,GLD,54.829999999999998,-0.006163
2006-03-22 00:00:00,GLD,54.75,-0.001459
2006-03-23 00:00:00,GLD,54.700000000000003,-0.000913
2006-03-24 00:00:00,GLD,55.710000000000001,0.018464
2006-03-27 00:00:00,GLD,56.390000000000001,0.012206
2006-03-28 00:00:00,GLD,56.060000000000002,-0.005852
2006-03-29 00:00:00,GLD,57.07,0.018016
2006-03-30 00:00:00,GLD,58.600000000000001,0.026809
2006-03-31 00:00:00,GLD,58.100000000000001,-0.008532
2006-04-03 00:00:00,GLD,58.469999999999999,0.006368
2006-04-04 00:00:00,GLD,58.329999999999998,-0.002394
2006-04-05 00:00:00,GLD,58.659999999999997,0.005657
2006-04-06 00:00:00,GLD,59.280000000000001,0.010569
2006-04-07 00:00:00,GLD,58.590000000000003,-0.01164
2006-04-10 00:00:00,GLD,59.600000000000001,0.017238
2006-04-11 00:00:00,GLD,59.009999999999998,-0.009899
2006-04-12 00:00:00,GLD,59.43,0.007117
2006-04-13 00:00:00,GLD,59.5,0.001178
2006-04-17 00:00:00,GLD,61.090000000000003,0.026723
2006-04-18 00:00:00,GLD,61.850000000000001,0.012441
2006-04-19 00:00:00,GLD,63.75,0.03072
2006-04-20 00:00:00,GLD,60.960000000000001,-0.043765
2006-04-21 00:00:00,GLD,63.200000000000003,0.036745
2006-04-24 00:00:00,GLD,61.649999999999999,-0.024525
2006-04-25 00:00:00,GLD,62.780000000000001,0.018329
2006-04-26 00:00:00,GLD,63.649999999999999,0.013858
2006-04-27 00:00:00,GLD,62.960000000000001,-0.010841
2006-04-28 00:00:00,GLD,65.090000000000003,0.033831
2006-05-01 00:00:00,GLD,65.159999999999997,0.001076
2006-05-02 00:00:00,GLD,66.549999999999997,0.021332
2006-05-03 00:00:00,GLD,66.459999999999994,-0.001352
2006-05-04 00:00:00,GLD,67.480000000000004,0.015348
2006-05-05 00:00:00,GLD,67.989999999999995,0.007558
2006-05-08 00:00:00,GLD,67.560000000000002,-0.006324
2006-05-09 00:00:00,GLD,69.680000000000007,0.03138
2006-05-10 00:00:00,GLD,70.379999999999995,0.010046
2006-05-11 00:00:00,GLD,71.030000000000001,0.009236
2006-05-12 00:00:00,GLD,71.120000000000005,0.001267
2006-05-15 00:00:00,GLD,67.409999999999997,-0.052165
2006-05-16 00:00:00,GLD,68.609999999999999,0.017801
2006-05-17 00:00:00,GLD,68.150000000000006,-0.006705
2006-05-18 00:00:00,GLD,67.459999999999994,-0.010125
2006-05-19 00:00:00,GLD,65.579999999999998,-0.027868
2006-05-22 00:00:00,GLD,65.299999999999997,-0.00427
2006-05-23 00:00:00,GLD,66.379999999999995,0.016539
2006-05-24 00:00:00,GLD,64.060000000000002,-0.03495
2006-05-25 00:00:00,GLD,64.700000000000003,0.009991
2006-05-26 00:00:00,GLD,65.099999999999994,0.006182
2006-05-30 00:00:00,GLD,65.109999999999999,0.000154
2006-05-31 00:00:00,GLD,64.230000000000004,-0.013516
2006-06-01 00:00:00,GLD,62.560000000000002,-0.026
2006-06-02 00:00:00,GLD,63.5,0.015026
2006-06-05 00:00:00,GLD,63.289999999999999,-0.003307
2006-06-06 00:00:00,GLD,62.549999999999997,-0.011692
2006-06-07 00:00:00,GLD,62.280000000000001,-0.004317
2006-06-08 00:00:00,GLD,60.909999999999997,-0.021997
2006-06-09 00:00:00,GLD,60.450000000000003,-0.007552
2006-06-12 00:00:00,GLD,60.030000000000001,-0.006948
2006-06-13 00:00:00,GLD,55.920000000000002,-0.068466
2006-06-14 00:00:00,GLD,55.619999999999997,-0.005365
2006-06-15 00:00:00,GLD,57.32,0.030565
2006-06-16 00:00:00,GLD,57.68,0.006281
2006-06-19 00:00:00,GLD,56.359999999999999,-0.022885
2006-06-20 00:00:00,GLD,57.299999999999997,0.016678
2006-06-21 00:00:00,GLD,58.329999999999998,0.017976
2006-06-22 00:00:00,GLD,57.729999999999997,-0.010286
2006-06-23 00:00:00,GLD,57.990000000000002,0.004504
2006-06-26 00:00:00,GLD,58.280000000000001,0.005001
2006-06-27 00:00:00,GLD,57.68,-0.010295
2006-06-28 00:00:00,GLD,57.539999999999999,-0.002427
2006-06-29 00:00:00,GLD,59.520000000000003,0.034411
2006-06-30 00:00:00,GLD,61.229999999999997,0.02873
2006-07-03 00:00:00,GLD,62.18,0.015515
2006-07-05 00:00:00,GLD,62.5,0.005146
2006-07-06 00:00:00,GLD,63.020000000000003,0.00832
2006-07-07 00:00:00,GLD,62.630000000000003,-0.006189
2006-07-10 00:00:00,GLD,62.020000000000003,-0.00974
2006-07-11 00:00:00,GLD,63.810000000000002,0.028862
2006-07-12 00:00:00,GLD,64.920000000000002,0.017395
2006-07-13 00:00:00,GLD,65.549999999999997,0.009704
2006-07-14 00:00:00,GLD,65.849999999999994,0.004577
2006-07-17 00:00:00,GLD,63.950000000000003,-0.028853
2006-07-18 00:00:00,GLD,62.899999999999999,-0.016419
2006-07-19 00:00:00,GLD,64.030000000000001,0.017965
2006-07-20 00:00:00,GLD,62.539999999999999,-0.02327
2006-07-21 00:00:00,GLD,61.710000000000001,-0.013272
2006-07-24 00:00:00,GLD,61.140000000000001,-0.009237
2006-07-25 00:00:00,GLD,61.549999999999997,0.006706
2006-07-26 00:00:00,GLD,62.0,0.007311
2006-07-27 00:00:00,GLD,62.899999999999999,0.014516
2006-07-28 00:00:00,GLD,63.109999999999999,0.003339
2006-07-31 00:00:00,GLD,63.159999999999997,0.000792
2006-08-01 00:00:00,GLD,64.319999999999993,0.018366
2006-08-02 00:00:00,GLD,64.75,0.006685
2006-08-03 00:00:00,GLD,64.120000000000005,-0.00973
2006-08-04 00:00:00,GLD,64.280000000000001,0.002495
2006-08-07 00:00:00,GLD,64.5,0.003423
2006-08-08 00:00:00,GLD,63.969999999999999,-0.008217
2006-08-09 00:00:00,GLD,64.629999999999995,0.010317
2006-08-10 00:00:00,GLD,63.25,-0.021352
2006-08-11 00:00:00,GLD,62.710000000000001,-0.008538
2006-08-14 00:00:00,GLD,62.25,-0.007335
2006-08-15 00:00:00,GLD,62.009999999999998,-0.003855
2006-08-16 00:00:00,GLD,62.490000000000002,0.007741
2006-08-17 00:00:00,GLD,61.030000000000001,-0.023364
2006-08-18 00:00:00,GLD,61.039999999999999,0.000164
2006-08-21 00:00:00,GLD,62.439999999999998,0.022936
2006-08-22 00:00:00,GLD,62.049999999999997,-0.006246
2006-08-23 00:00:00,GLD,61.829999999999998,-0.003545
2006-08-24 00:00:00,GLD,61.75,-0.001294
2006-08-25 00:00:00,GLD,61.770000000000003,0.000324
2006-08-28 00:00:00,GLD,61.0,-0.012466
2006-08-29 00:00:00,GLD,60.939999999999998,-0.000984
2006-08-30 00:00:00,GLD,61.420000000000002,0.007877
2006-08-31 00:00:00,GLD,62.289999999999999,0.014165
2006-09-01 00:00:00,GLD,62.140000000000001,-0.002408
2006-09-05 00:00:00,GLD,63.359999999999999,0.019633
2006-09-06 00:00:00,GLD,62.859999999999999,-0.007891
2006-09-07 00:00:00,GLD,61.25,-0.025612
2006-09-08 00:00:00,GLD,60.640000000000001,-0.009959
2006-09-11 00:00:00,GLD,58.5,-0.03529
2006-09-12 00:00:00,GLD,58.310000000000002,-0.003248
2006-09-13 00:00:00,GLD,58.619999999999997,0.005316
2006-09-14 00:00:00,GLD,57.189999999999998,-0.024394
2006-09-15 00:00:00,GLD,57.399999999999999,0.003672
2006-09-18 00:00:00,GLD,58.229999999999997,0.01446
2006-09-19 00:00:00,GLD,56.920000000000002,-0.022497
2006-09-20 00:00:00,GLD,57.259999999999998,0.005973
2006-09-21 00:00:00,GLD,57.950000000000003,0.01205
2006-09-22 00:00:00,GLD,58.5,0.009491
2006-09-25 00:00:00,GLD,58.5,0
2006-09-26 00:00:00,GLD,58.740000000000002,0.004103
2006-09-27 00:00:00,GLD,59.810000000000002,0.018216
2006-09-28 00:00:00,GLD,59.789999999999999,-0.000334
2006-09-29 00:00:00,GLD,59.469999999999999,-0.005352
2006-10-02 00:00:00,GLD,59.149999999999999,-0.005381
2006-10-03 00:00:00,GLD,57.109999999999999,-0.034489
2006-10-04 00:00:00,GLD,56.369999999999997,-0.012957
2006-10-05 00:00:00,GLD,56.920000000000002,0.009757
2006-10-06 00:00:00,GLD,56.990000000000002,0.00123
2006-10-09 00:00:00,GLD,57.200000000000003,0.003685
2006-10-10 00:00:00,GLD,57.0,-0.003497
2006-10-11 00:00:00,GLD,56.880000000000003,-0.002105
2006-10-12 00:00:00,GLD,57.490000000000002,0.010724
2006-10-13 00:00:00,GLD,58.57,0.018786
2006-10-16 00:00:00,GLD,59.170000000000002,0.010244
2006-10-17 00:00:00,GLD,58.649999999999999,-0.008788
2006-10-18 00:00:00,GLD,58.590000000000003,-0.001023
2006-10-19 00:00:00,GLD,59.409999999999997,0.013996
2006-10-20 00:00:00,GLD,58.780000000000001,-0.010604
2006-10-23 00:00:00,GLD,57.759999999999998,-0.017353
2006-10-24 00:00:00,GLD,58.170000000000002,0.007098
2006-10-25 00:00:00,GLD,58.759999999999998,0.010143
2006-10-26 00:00:00,GLD,59.289999999999999,0.00902
2006-10-27 00:00:00,GLD,59.399999999999999,0.001855
2006-10-30 00:00:00,GLD,59.899999999999999,0.008418
2006-10-31 00:00:00,GLD,60.240000000000002,0.005676
2006-11-01 00:00:00,GLD,61.359999999999999,0.018592
2006-11-02 00:00:00,GLD,61.920000000000002,0.009126
2006-11-03 00:00:00,GLD,62.299999999999997,0.006137
2006-11-06 00:00:00,GLD,61.890000000000001,-0.006581
2006-11-07 00:00:00,GLD,62.039999999999999,0.002424
2006-11-08 00:00:00,GLD,61.109999999999999,-0.01499
2006-11-09 00:00:00,GLD,62.950000000000003,0.03011
2006-11-10 00:00:00,GLD,62.490000000000002,-0.007307
2006-11-13 00:00:00,GLD,62.189999999999998,-0.004801
2006-11-14 00:00:00,GLD,61.630000000000003,-0.009005
2006-11-15 00:00:00,GLD,61.840000000000003,0.003407
2006-11-16 00:00:00,GLD,61.310000000000002,-0.00857
2006-11-17 00:00:00,GLD,61.780000000000001,0.007666
2006-11-20 00:00:00,GLD,61.770000000000003,-0.000162
2006-11-21 00:00:00,GLD,62.270000000000003,0.008095
2006-11-22 00:00:00,GLD,62.5,0.003694
2006-11-24 00:00:00,GLD,63.5,0.016
2006-11-27 00:00:00,GLD,63.700000000000003,0.00315
2006-11-28 00:00:00,GLD,63.57,-0.002041
2006-11-29 00:00:00,GLD,63.159999999999997,-0.00645
2006-11-30 00:00:00,GLD,64.390000000000001,0.019474
2006-12-01 00:00:00,GLD,64.120000000000005,-0.004193
2006-12-04 00:00:00,GLD,64.120000000000005,0
2006-12-05 00:00:00,GLD,63.810000000000002,-0.004835
2006-12-06 00:00:00,GLD,62.689999999999998,-0.017552
2006-12-07 00:00:00,GLD,62.729999999999997,0.000638
2006-12-08 00:00:00,GLD,62.049999999999997,-0.01084
2006-12-11 00:00:00,GLD,62.57,0.00838
2006-12-12 00:00:00,GLD,62.520000000000003,-0.000799
2006-12-13 00:00:00,GLD,62.479999999999997,-0.00064
2006-12-14 00:00:00,GLD,62.119999999999997,-0.005762
2006-12-15 00:00:00,GLD,61.0,-0.01803
2006-12-18 00:00:00,GLD,61.039999999999999,0.000656
2006-12-19 00:00:00,GLD,61.799999999999997,0.012451
2006-12-20 00:00:00,GLD,61.619999999999997,-0.002913
2006-12-21 00:00:00,GLD,61.380000000000003,-0.003895
2006-12-22 00:00:00,GLD,61.649999999999999,0.004399
2006-12-26 00:00:00,GLD,61.979999999999997,0.005353
2006-12-27 00:00:00,GLD,62.219999999999999,0.003872
2006-12-28 00:00:00,GLD,62.899999999999999,0.010929
2006-12-29 00:00:00,GLD,63.210000000000001,0.004928
2007-01-03 00:00:00,GLD,62.280000000000001,-0.014713
2007-01-04 00:00:00,GLD,61.649999999999999,-0.010116
2007-01-05 00:00:00,GLD,60.170000000000002,-0.024007
2007-01-08 00:00:00,GLD,60.479999999999997,0.005152
2007-01-09 00:00:00,GLD,60.850000000000001,0.006118
2007-01-10 00:00:00,GLD,60.590000000000003,-0.004273
2007-01-11 00:00:00,GLD,60.630000000000003,0.00066
2007-01-12 00:00:00,GLD,62.170000000000002,0.0254
2007-01-16 00:00:00,GLD,61.969999999999999,-0.003217
2007-01-17 00:00:00,GLD,62.640000000000001,0.010812
2007-01-18 00:00:00,GLD,62.259999999999998,-0.006066
2007-01-19 00:00:00,GLD,63.0,0.011886
2007-01-22 00:00:00,GLD,62.719999999999999,-0.004444
2007-01-23 00:00:00,GLD,64.230000000000004,0.024075
2007-01-24 00:00:00,GLD,64.329999999999998,0.001557
2007-01-25 00:00:00,GLD,64.060000000000002,-0.004197
2007-01-26 00:00:00,GLD,64.099999999999994,0.000624
2007-01-29 00:00:00,GLD,63.770000000000003,-0.005148
2007-01-30 00:00:00,GLD,64.219999999999999,0.007057
2007-01-31 00:00:00,GLD,64.829999999999998,0.009499
2007-02-01 00:00:00,GLD,65.219999999999999,0.006016
2007-02-02 00:00:00,GLD,64.280000000000001,-0.014413
2007-02-05 00:00:00,GLD,64.310000000000002,0.000467
2007-02-06 00:00:00,GLD,64.790000000000006,0.007464
2007-02-07 00:00:00,GLD,64.629999999999995,-0.00247
2007-02-08 00:00:00,GLD,65.519999999999996,0.013771
2007-02-09 00:00:00,GLD,66.120000000000005,0.009158
2007-02-12 00:00:00,GLD,65.670000000000002,-0.006806
2007-02-13 00:00:00,GLD,65.840000000000003,0.002589
2007-02-14 00:00:00,GLD,66.370000000000005,0.00805
2007-02-15 00:00:00,GLD,66.409999999999997,0.000603
2007-02-16 00:00:00,GLD,66.359999999999999,-0.000753
2007-02-20 00:00:00,GLD,65.310000000000002,-0.015823
2007-02-21 00:00:00,GLD,67.280000000000001,0.030164
2007-02-22 00:00:00,GLD,67.150000000000006,-0.001932
2007-02-23 00:00:00,GLD,67.719999999999999,0.008488
2007-02-26 00:00:00,GLD,68.099999999999994,0.005611
2007-02-27 00:00:00,GLD,65.409999999999997,-0.039501
2007-02-28 00:00:00,GLD,66.480000000000004,0.016358
2007-03-01 00:00:00,GLD,65.819999999999993,-0.009928
2007-03-02 00:00:00,GLD,63.710000000000001,-0.032057
2007-03-05 00:00:00,GLD,62.93,-0.012243
2007-03-06 00:00:00,GLD,64.150000000000006,0.019387
2007-03-07 00:00:00,GLD,64.299999999999997,0.002338
2007-03-08 00:00:00,GLD,64.480000000000004,0.002799
2007-03-09 00:00:00,GLD,64.25,-0.003567
2007-03-12 00:00:00,GLD,64.370000000000005,0.001868
2007-03-13 00:00:00,GLD,63.719999999999999,-0.010098
2007-03-14 00:00:00,GLD,63.939999999999998,0.003453
2007-03-15 00:00:00,GLD,63.979999999999997,0.000626
2007-03-16 00:00:00,GLD,64.620000000000005,0.010003
2007-03-19 00:00:00,GLD,64.739999999999995,0.001857
2007-03-20 00:00:00,GLD,65.269999999999996,0.008187
2007-03-21 00:00:00,GLD,65.819999999999993,0.008427
2007-03-22 00:00:00,GLD,65.760000000000005,-0.000912
2007-03-23 00:00:00,GLD,65.150000000000006,-0.009276
2007-03-26 00:00:00,GLD,65.840000000000003,0.010591
2007-03-27 00:00:00,GLD,65.700000000000003,-0.002126
2007-03-28 00:00:00,GLD,66.049999999999997,0.005327
2007-03-29 00:00:00,GLD,65.650000000000006,-0.006056
2007-03-30 00:00:00,GLD,65.739999999999995,0.001371
2007-04-02 00:00:00,GLD,65.849999999999994,0.001673
2007-04-03 00:00:00,GLD,65.829999999999998,-0.000304
2007-04-04 00:00:00,GLD,66.810000000000002,0.014887
2007-04-05 00:00:00,GLD,66.859999999999999,0.000748
2007-04-09 00:00:00,GLD,66.530000000000001,-0.004936
2007-04-10 00:00:00,GLD,67.159999999999997,0.009469
2007-04-11 00:00:00,GLD,67.079999999999998,-0.001191
2007-04-12 00:00:00,GLD,66.989999999999995,-0.001342
2007-04-13 00:00:00,GLD,67.840000000000003,0.012688
2007-04-16 00:00:00,GLD,68.400000000000006,0.008255
2007-04-17 00:00:00,GLD,68.0,-0.005848
2007-04-18 00:00:00,GLD,68.379999999999995,0.005588
2007-04-19 00:00:00,GLD,67.530000000000001,-0.012431
2007-04-20 00:00:00,GLD,68.700000000000003,0.017326
2007-04-23 00:00:00,GLD,68.260000000000005,-0.006405
2007-04-24 00:00:00,GLD,67.730000000000004,-0.007764
2007-04-25 00:00:00,GLD,67.890000000000001,0.002362
2007-04-26 00:00:00,GLD,66.870000000000005,-0.015024
2007-04-27 00:00:00,GLD,67.560000000000002,0.010318
2007-04-30 00:00:00,GLD,67.090000000000003,-0.006957
2007-05-01 00:00:00,GLD,66.689999999999998,-0.005962
2007-05-02 00:00:00,GLD,66.659999999999997,-0.00045
2007-05-03 00:00:00,GLD,67.489999999999995,0.012451
2007-05-04 00:00:00,GLD,68.189999999999998,0.010372
2007-05-07 00:00:00,GLD,68.25,0.00088
2007-05-08 00:00:00,GLD,67.879999999999995,-0.005421
2007-05-09 00:00:00,GLD,67.450000000000003,-0.006335
2007-05-10 00:00:00,GLD,66.0,-0.021497
2007-05-11 00:00:00,GLD,66.450000000000003,0.006818
2007-05-14 00:00:00,GLD,66.280000000000001,-0.002558
2007-05-15 00:00:00,GLD,66.540000000000006,0.003923
2007-05-16 00:00:00,GLD,65.599999999999994,-0.014127
2007-05-17 00:00:00,GLD,65.060000000000002,-0.008232
2007-05-18 00:00:00,GLD,65.519999999999996,0.00707
2007-05-21 00:00:00,GLD,65.670000000000002,0.002289
2007-05-22 00:00:00,GLD,65.219999999999999,-0.006852
2007-05-23 00:00:00,GLD,65.540000000000006,0.004906
2007-05-24 00:00:00,GLD,64.75,-0.012054
2007-05-25 00:00:00,GLD,64.939999999999998,0.002934
2007-05-29 00:00:00,GLD,65.069999999999993,0.002002
2007-05-30 00:00:00,GLD,64.719999999999999,-0.005379
2007-05-31 00:00:00,GLD,65.540000000000006,0.01267
2007-06-01 00:00:00,GLD,66.439999999999998,0.013732
2007-06-04 00:00:00,GLD,66.540000000000006,0.001505
2007-06-05 00:00:00,GLD,66.370000000000005,-0.002555
2007-06-06 00:00:00,GLD,66.409999999999997,0.000603
2007-06-07 00:00:00,GLD,65.260000000000005,-0.017317
2007-06-08 00:00:00,GLD,64.219999999999999,-0.015936
2007-06-11 00:00:00,GLD,64.700000000000003,0.007474
2007-06-12 00:00:00,GLD,64.099999999999994,-0.009274
2007-06-13 00:00:00,GLD,64.530000000000001,0.006708
2007-06-14 00:00:00,GLD,64.599999999999994,0.001085
2007-06-15 00:00:00,GLD,64.849999999999994,0.00387
2007-06-18 00:00:00,GLD,64.950000000000003,0.001542
2007-06-19 00:00:00,GLD,65.480000000000004,0.00816
2007-06-20 00:00:00,GLD,64.709999999999994,-0.011759
2007-06-21 00:00:00,GLD,64.560000000000002,-0.002318
2007-06-22 00:00:00,GLD,64.780000000000001,0.003408
2007-06-25 00:00:00,GLD,64.430000000000007,-0.005403
2007-06-26 00:00:00,GLD,63.619999999999997,-0.012572
2007-06-27 00:00:00,GLD,63.670000000000002,0.000786
2007-06-28 00:00:00,GLD,64.260000000000005,0.009267
2007-06-29 00:00:00,GLD,64.269999999999996,0.000156
2007-07-02 00:00:00,GLD,65.019999999999996,0.01167
2007-07-03 00:00:00,GLD,64.739999999999995,-0.004306
2007-07-05 00:00:00,GLD,64.420000000000002,-0.004943
2007-07-06 00:00:00,GLD,64.959999999999994,0.008383
2007-07-09 00:00:00,GLD,65.379999999999995,0.006465
2007-07-10 00:00:00,GLD,65.609999999999999,0.003518
2007-07-11 00:00:00,GLD,65.439999999999998,-0.002591
2007-07-12 00:00:00,GLD,66.019999999999996,0.008863
2007-07-13 00:00:00,GLD,66.030000000000001,0.000152
2007-07-16 00:00:00,GLD,65.819999999999993,-0.00318
2007-07-17 00:00:00,GLD,65.75,-0.001064
2007-07-18 00:00:00,GLD,66.620000000000005,0.013232
2007-07-19 00:00:00,GLD,67.010000000000005,0.005854
2007-07-20 00:00:00,GLD,67.579999999999998,0.008506
2007-07-23 00:00:00,GLD,67.469999999999999,-0.001628
2007-07-24 00:00:00,GLD,67.469999999999999,0
2007-07-25 00:00:00,GLD,66.900000000000006,-0.008448
2007-07-26 00:00:00,GLD,65.650000000000006,-0.018685
2007-07-27 00:00:00,GLD,65.409999999999997,-0.003656
2007-07-30 00:00:00,GLD,65.769999999999996,0.005504
2007-07-31 00:00:00,GLD,65.790000000000006,0.000304
2007-08-01 00:00:00,GLD,65.930000000000007,0.002128
2007-08-02 00:00:00,GLD,65.890000000000001,-0.000607
2007-08-03 00:00:00,GLD,66.689999999999998,0.012141
2007-08-06 00:00:00,GLD,66.519999999999996,-0.002549
2007-08-07 00:00:00,GLD,66.480000000000004,-0.000601
2007-08-08 00:00:00,GLD,66.769999999999996,0.004362
2007-08-09 00:00:00,GLD,65.459999999999994,-0.01962
2007-08-10 00:00:00,GLD,66.569999999999993,0.016957
2007-08-13 00:00:00,GLD,66.260000000000005,-0.004657
2007-08-14 00:00:00,GLD,66.290000000000006,0.000453
2007-08-15 00:00:00,GLD,66.129999999999995,-0.002414
2007-08-16 00:00:00,GLD,64.680000000000007,-0.021926
2007-08-17 00:00:00,GLD,65.010000000000005,0.005102
2007-08-20 00:00:00,GLD,65.120000000000005,0.001692
2007-08-21 00:00:00,GLD,65.069999999999993,-0.000768
2007-08-22 00:00:00,GLD,65.400000000000006,0.005071
2007-08-23 00:00:00,GLD,65.310000000000002,-0.001376
2007-08-24 00:00:00,GLD,66.109999999999999,0.012249
2007-08-27 00:00:00,GLD,65.980000000000004,-0.001966
2007-08-28 00:00:00,GLD,65.590000000000003,-0.005911
2007-08-29 00:00:00,GLD,66.069999999999993,0.007318
2007-08-30 00:00:00,GLD,65.799999999999997,-0.004087
2007-08-31 00:00:00,GLD,66.519999999999996,0.010942
2007-09-04 00:00:00,GLD,67.439999999999998,0.013831
2007-09-05 00:00:00,GLD,67.560000000000002,0.001779
2007-09-06 00:00:00,GLD,68.859999999999999,0.019242
2007-09-07 00:00:00,GLD,69.390000000000001,0.007697
2007-09-10 00:00:00,GLD,69.620000000000005,0.003315
2007-09-11 00:00:00,GLD,70.519999999999996,0.012927
2007-09-12 00:00:00,GLD,70.459999999999994,-0.000851
2007-09-13 00:00:00,GLD,70.079999999999998,-0.005393
2007-09-14 00:00:00,GLD,69.989999999999995,-0.001284
2007-09-17 00:00:00,GLD,70.969999999999999,0.014002
2007-09-18 00:00:00,GLD,71.700000000000003,0.010286
2007-09-19 00:00:00,GLD,71.430000000000007,-0.003766
2007-09-20 00:00:00,GLD,72.719999999999999,0.01806
2007-09-21 00:00:00,GLD,72.340000000000003,-0.005226
2007-09-24 00:00:00,GLD,72.280000000000001,-0.000829
2007-09-25 00:00:00,GLD,72.329999999999998,0.000692
2007-09-26 00:00:00,GLD,72.0,-0.004562
2007-09-27 00:00:00,GLD,72.700000000000003,0.009722
2007-09-28 00:00:00,GLD,73.510000000000005,0.011142
2007-10-01 00:00:00,GLD,73.900000000000006,0.005305
2007-10-02 00:00:00,GLD,72.349999999999994,-0.020974
2007-10-03 00:00:00,GLD,71.900000000000006,-0.00622
2007-10-04 00:00:00,GLD,72.870000000000005,0.013491
2007-10-05 00:00:00,GLD,73.400000000000006,0.007273
2007-10-08 00:00:00,GLD,72.530000000000001,-0.011853
2007-10-09 00:00:00,GLD,73.090000000000003,0.007721
2007-10-10 00:00:00,GLD,73.359999999999999,0.003694
2007-10-11 00:00:00,GLD,73.909999999999997,0.007497
2007-10-12 00:00:00,GLD,74.590000000000003,0.0092
2007-10-15 00:00:00,GLD,75.140000000000001,0.007374
2007-10-16 00:00:00,GLD,75.120000000000005,-0.000266
2007-10-17 00:00:00,GLD,74.5,-0.008253
2007-10-18 00:00:00,GLD,76.0,0.020134
2007-10-19 00:00:00,GLD,75.700000000000003,-0.003947
2007-10-22 00:00:00,GLD,74.599999999999994,-0.014531
2007-10-23 00:00:00,GLD,75.230000000000004,0.008445
2007-10-24 00:00:00,GLD,75.519999999999996,0.003855
2007-10-25 00:00:00,GLD,76.030000000000001,0.006753
2007-10-26 00:00:00,GLD,77.689999999999998,0.021834
2007-10-29 00:00:00,GLD,78.120000000000005,0.005535
2007-10-30 00:00:00,GLD,77.349999999999994,-0.009857
2007-10-31 00:00:00,GLD,78.620000000000005,0.016419
2007-11-01 00:00:00,GLD,77.930000000000007,-0.008776
2007-11-02 00:00:00,GLD,79.829999999999998,0.024381
2007-11-05 00:00:00,GLD,79.75,-0.001002
2007-11-06 00:00:00,GLD,81.430000000000007,0.021066
2007-11-07 00:00:00,GLD,82.239999999999995,0.009947
2007-11-08 00:00:00,GLD,82.230000000000004,-0.000122
2007-11-09 00:00:00,GLD,82.180000000000007,-0.000608
2007-11-12 00:00:00,GLD,78.299999999999997,-0.047213
2007-11-13 00:00:00,GLD,79.120000000000005,0.010473
2007-11-14 00:00:00,GLD,80.280000000000001,0.014661
2007-11-15 00:00:00,GLD,77.950000000000003,-0.029023
2007-11-16 00:00:00,GLD,77.75,-0.002566
2007-11-19 00:00:00,GLD,77.239999999999995,-0.00656
2007-11-20 00:00:00,GLD,79.469999999999999,0.028871
2007-11-21 00:00:00,GLD,79.359999999999999,-0.001384
2007-11-23 00:00:00,GLD,81.25,0.023816
2007-11-26 00:00:00,GLD,81.299999999999997,0.000615
2007-11-27 00:00:00,GLD,80.099999999999994,-0.01476
2007-11-28 00:00:00,GLD,79.569999999999993,-0.006617
2007-11-29 00:00:00,GLD,78.280000000000001,-0.016212
2007-11-30 00:00:00,GLD,77.319999999999993,-0.012264
2007-12-03 00:00:00,GLD,78.280000000000001,0.012416
2007-12-04 00:00:00,GLD,79.400000000000006,0.014308
2007-12-05 00:00:00,GLD,78.629999999999995,-0.009698
2007-12-06 00:00:00,GLD,79.370000000000005,0.009411
2007-12-07 00:00:00,GLD,78.599999999999994,-0.009701
2007-12-10 00:00:00,GLD,80.0,0.017812
2007-12-11 00:00:00,GLD,78.840000000000003,-0.0145
2007-12-12 00:00:00,GLD,80.489999999999995,0.020928
2007-12-13 00:00:00,GLD,78.5,-0.024724
2007-12-14 00:00:00,GLD,78.519999999999996,0.000255
2007-12-17 00:00:00,GLD,78.129999999999995,-0.004967
2007-12-18 00:00:00,GLD,79.25,0.014335
2007-12-19 00:00:00,GLD,79.239999999999995,-0.000126
2007-12-20 00:00:00,GLD,78.670000000000002,-0.007193
2007-12-21 00:00:00,GLD,80.099999999999994,0.018177
2007-12-24 00:00:00,GLD,80.140000000000001,0.000499
2007-12-26 00:00:00,GLD,81.519999999999996,0.01722
2007-12-27 00:00:00,GLD,81.560000000000002,0.000491
2007-12-28 00:00:00,GLD,83.0,0.017656
2007-12-31 00:00:00,GLD,82.459999999999994,-0.006506
2008-01-02 00:00:00,GLD,84.859999999999999,0.029105
2008-01-03 00:00:00,GLD,85.569999999999993,0.008367
2008-01-04 00:00:00,GLD,85.129999999999995,-0.005142
2008-01-07 00:00:00,GLD,84.769999999999996,-0.004229
2008-01-08 00:00:00,GLD,86.780000000000001,0.023711
2008-01-09 00:00:00,GLD,86.549899999999994,-0.002652
2008-01-10 00:00:00,GLD,88.25,0.019643
2008-01-11 00:00:00,GLD,88.579999999999998,0.003739
2008-01-14 00:00:00,GLD,89.539900000000003,0.010837
2008-01-15 00:00:00,GLD,87.989999999999995,-0.01731
2008-01-16 00:00:00,GLD,86.700000000000003,-0.014661
2008-01-17 00:00:00,GLD,86.500100000000003,-0.002306
2008-01-18 00:00:00,GLD,87.420000000000002,0.010635
2008-01-22 00:00:00,GLD,88.169899999999998,0.008578
2008-01-23 00:00:00,GLD,87.890000000000001,-0.003175
2008-01-24 00:00:00,GLD,90.079999999999998,0.024918
2008-01-25 00:00:00,GLD,90.299999999999997,0.002442
2008-01-28 00:00:00,GLD,91.75,0.016058
2008-01-29 00:00:00,GLD,91.150000000000006,-0.006539
2008-01-30 00:00:00,GLD,92.060100000000006,0.009985
2008-01-31 00:00:00,GLD,91.400000000000006,-0.00717
2008-02-01 00:00:00,GLD,89.349900000000005,-0.02243
2008-02-04 00:00:00,GLD,89.099999999999994,-0.002797
2008-02-05 00:00:00,GLD,87.680000000000007,-0.015937
2008-02-06 00:00:00,GLD,88.9499,0.014483
2008-02-07 00:00:00,GLD,89.849999999999994,0.010119
2008-02-08 00:00:00,GLD,91.0,0.012799
2008-02-11 00:00:00,GLD,91.329999999999998,0.003626
2008-02-12 00:00:00,GLD,89.329999999999998,-0.021899
2008-02-13 00:00:00,GLD,89.439999999999998,0.001231
2008-02-14 00:00:00,GLD,89.709999999999994,0.003019
2008-02-15 00:00:00,GLD,89.150000000000006,-0.006242
2008-02-19 00:00:00,GLD,91.579999999999998,0.027257
2008-02-20 00:00:00,GLD,93.239999999999995,0.018126
2008-02-21 00:00:00,GLD,93.25,0.000107
2008-02-22 00:00:00,GLD,93.390000000000001,0.001501
2008-02-25 00:00:00,GLD,92.739999999999995,-0.00696
2008-02-26 00:00:00,GLD,93.709999999999994,0.010459
2008-02-27 00:00:00,GLD,94.780000000000001,0.011418
2008-02-28 00:00:00,GLD,95.989999999999995,0.012766
2008-02-29 00:00:00,GLD,96.180000000000007,0.001979
2008-03-03 00:00:00,GLD,97.239999999999995,0.011021
2008-03-04 00:00:00,GLD,95.180000000000007,-0.021185
2008-03-05 00:00:00,GLD,97.719999999999999,0.026686
2008-03-06 00:00:00,GLD,96.5,-0.012485
2008-03-07 00:00:00,GLD,96.090000000000003,-0.004249
2008-03-10 00:00:00,GLD,95.870000000000005,-0.002289
2008-03-11 00:00:00,GLD,95.989999999999995,0.001252
2008-03-12 00:00:00,GLD,97.010000000000005,0.010626
2008-03-13 00:00:00,GLD,98.340000000000003,0.01371
2008-03-14 00:00:00,GLD,98.709999999999994,0.003762
2008-03-17 00:00:00,GLD,99.170000000000002,0.00466
2008-03-18 00:00:00,GLD,96.5,-0.026923
2008-03-19 00:00:00,GLD,93.039900000000003,-0.035856
2008-03-20 00:00:00,GLD,89.912800000000004,-0.03361
2008-03-24 00:00:00,GLD,90.100099999999998,0.002083
2008-03-25 00:00:00,GLD,92.730000000000004,0.029189
2008-03-26 00:00:00,GLD,93.799999999999997,0.011539
2008-03-27 00:00:00,GLD,93.459999999999994,-0.003625
2008-03-28 00:00:00,GLD,91.879999999999995,-0.016906
2008-03-31 00:00:00,GLD,90.409999999999997,-0.015999
2008-04-01 00:00:00,GLD,86.859899999999996,-0.039267
2008-04-02 00:00:00,GLD,89.269999999999996,0.027747
2008-04-03 00:00:00,GLD,89.420000000000002,0.00168
2008-04-04 00:00:00,GLD,90.25,0.009282
2008-04-07 00:00:00,GLD,91.170000000000002,0.010194
2008-04-08 00:00:00,GLD,90.349999999999994,-0.008994
2008-04-09 00:00:00,GLD,92.290000000000006,0.021472
2008-04-10 00:00:00,GLD,91.769999999999996,-0.005634
2008-04-11 00:00:00,GLD,91.299999999999997,-0.005121
2008-04-14 00:00:00,GLD,91.109999999999999,-0.002081
2008-04-15 00:00:00,GLD,91.659999999999997,0.006037
2008-04-16 00:00:00,GLD,93.269999999999996,0.017565
2008-04-17 00:00:00,GLD,92.560000000000002,-0.007612
2008-04-18 00:00:00,GLD,90.620000000000005,-0.020959
2008-04-21 00:00:00,GLD,90.25,-0.004083
2008-04-22 00:00:00,GLD,90.269999999999996,0.000222
2008-04-23 00:00:00,GLD,89.219999999999999,-0.011632
2008-04-24 00:00:00,GLD,87.219999999999999,-0.022416
2008-04-25 00:00:00,GLD,87.269999999999996,0.000573
2008-04-28 00:00:00,GLD,87.689999999999998,0.004813
2008-04-29 00:00:00,GLD,85.810000000000002,-0.021439
2008-04-30 00:00:00,GLD,86.650000000000006,0.009789
2008-05-01 00:00:00,GLD,83.989999999999995,-0.030698
2008-05-02 00:00:00,GLD,84.579999999999998,0.007025
2008-05-05 00:00:00,GLD,86.269999999999996,0.019981
2008-05-06 00:00:00,GLD,86.629999999999995,0.004173
2008-05-07 00:00:00,GLD,85.819999999999993,-0.00935
2008-05-08 00:00:00,GLD,87.239999999999995,0.016546
2008-05-09 00:00:00,GLD,87.420000000000002,0.002063
2008-05-12 00:00:00,GLD,86.989999999999995,-0.004919
2008-05-13 00:00:00,GLD,85.390100000000004,-0.018392
2008-05-14 00:00:00,GLD,85.200000000000003,-0.002226
2008-05-15 00:00:00,GLD,87.0,0.021127
2008-05-16 00:00:00,GLD,89.100099999999998,0.024139
2008-05-19 00:00:00,GLD,89.390000000000001,0.003254
2008-05-20 00:00:00,GLD,90.900000000000006,0.016892
2008-05-21 00:00:00,GLD,91.959999999999994,0.011661
2008-05-22 00:00:00,GLD,90.980000000000004,-0.010657
2008-05-23 00:00:00,GLD,91.230000000000004,0.002748
2008-05-27 00:00:00,GLD,89.359999999999999,-0.020498
2008-05-28 00:00:00,GLD,89.140000000000001,-0.002462
2008-05-29 00:00:00,GLD,86.510000000000005,-0.029504
2008-05-30 00:00:00,GLD,87.450000000000003,0.010866
2008-06-02 00:00:00,GLD,87.959999999999994,0.005832
2008-06-03 00:00:00,GLD,86.879999999999995,-0.012278
2008-06-04 00:00:00,GLD,86.650000000000006,-0.002647
2008-06-05 00:00:00,GLD,86.450000000000003,-0.002308
2008-06-06 00:00:00,GLD,89.060000000000002,0.030191
2008-06-09 00:00:00,GLD,87.987000000000009,-0.012048
2008-06-10 00:00:00,GLD,85.549999999999997,-0.027697
2008-06-11 00:00:00,GLD,87.019999999999996,0.017183
2008-06-12 00:00:00,GLD,85.599999999999994,-0.016318
2008-06-13 00:00:00,GLD,85.829999999999998,0.002687
2008-06-16 00:00:00,GLD,87.010000000000005,0.013748
2008-06-17 00:00:00,GLD,87.25,0.002758
2008-06-18 00:00:00,GLD,88.280000000000001,0.011805
2008-06-19 00:00:00,GLD,88.420000000000002,0.001586
2008-06-20 00:00:00,GLD,88.950000000000003,0.005994
2008-06-23 00:00:00,GLD,87.090000000000003,-0.020911
2008-06-24 00:00:00,GLD,87.469999999999999,0.004363
2008-06-25 00:00:00,GLD,87.420000000000002,-0.000572
2008-06-26 00:00:00,GLD,90.609999999999999,0.036491
2008-06-27 00:00:00,GLD,91.469999999999999,0.009491
2008-06-30 00:00:00,GLD,91.400000000000006,-0.000765
2008-07-01 00:00:00,GLD,92.659999999999997,0.013786
2008-07-02 00:00:00,GLD,93.170000000000002,0.005504
2008-07-03 00:00:00,GLD,92.060000000000002,-0.011914
2008-07-07 00:00:00,GLD,91.230000000000004,-0.009016
2008-07-08 00:00:00,GLD,90.859999999999999,-0.004056
2008-07-09 00:00:00,GLD,91.5,0.007044
2008-07-10 00:00:00,GLD,93.530000000000001,0.022186
2008-07-11 00:00:00,GLD,95.159999999999997,0.017428
2008-07-14 00:00:00,GLD,95.909999999999997,0.007881
2008-07-15 00:00:00,GLD,96.170000000000002,0.002711
2008-07-16 00:00:00,GLD,94.439999999999998,-0.017989
2008-07-17 00:00:00,GLD,94.219999999999999,-0.00233
2008-07-18 00:00:00,GLD,94.170000000000002,-0.000531
2008-07-21 00:00:00,GLD,95.120000000000005,0.010088
2008-07-22 00:00:00,GLD,93.060000000000002,-0.021657
2008-07-23 00:00:00,GLD,90.569999999999993,-0.026757
2008-07-24 00:00:00,GLD,91.329999999999998,0.008391
2008-07-25 00:00:00,GLD,91.689999999999998,0.003942
2008-07-28 00:00:00,GLD,91.730000000000004,0.000436
2008-07-29 00:00:00,GLD,90.590000000000003,-0.012428
2008-07-30 00:00:00,GLD,89.519999999999996,-0.011811
2008-07-31 00:00:00,GLD,90.079999999999998,0.006256
2008-08-01 00:00:00,GLD,89.569999999999993,-0.005662
2008-08-04 00:00:00,GLD,88.140000000000001,-0.015965
2008-08-05 00:00:00,GLD,86.079999999999998,-0.023372
2008-08-06 00:00:00,GLD,86.640000000000001,0.006506
2008-08-07 00:00:00,GLD,86.090000000000003,-0.006348
2008-08-08 00:00:00,GLD,84.430000000000007,-0.019282
2008-08-11 00:00:00,GLD,81.129999999999995,-0.039086
2008-08-12 00:00:00,GLD,80.519999999999996,-0.007519
2008-08-13 00:00:00,GLD,81.560000000000002,0.012916
2008-08-14 00:00:00,GLD,79.349999999999994,-0.027097
2008-08-15 00:00:00,GLD,77.629999999999995,-0.021676
2008-08-18 00:00:00,GLD,78.799999999999997,0.015072
2008-08-19 00:00:00,GLD,80.433000000000007,0.020723
2008-08-20 00:00:00,GLD,80.060000000000002,-0.004637
2008-08-21 00:00:00,GLD,82.299999999999997,0.027979
2008-08-22 00:00:00,GLD,81.079999999999998,-0.014824
2008-08-25 00:00:00,GLD,80.930000000000007,-0.00185
2008-08-26 00:00:00,GLD,81.230000000000004,0.003707
2008-08-27 00:00:00,GLD,81.359999999999999,0.0016
2008-08-28 00:00:00,GLD,82.180000000000007,0.010079
2008-08-29 00:00:00,GLD,81.709999999999994,-0.005719
2008-09-02 00:00:00,GLD,79.200000000000003,-0.030718
2008-09-03 00:00:00,GLD,78.890000000000001,-0.003914
2008-09-04 00:00:00,GLD,78.390000000000001,-0.006338
2008-09-05 00:00:00,GLD,78.980000000000004,0.007527
2008-09-08 00:00:00,GLD,78.859999999999999,-0.001519
2008-09-09 00:00:00,GLD,76.489999999999995,-0.030053
2008-09-10 00:00:00,GLD,74.219999999999999,-0.029677
2008-09-11 00:00:00,GLD,73.079999999999998,-0.01536
2008-09-12 00:00:00,GLD,75.549999999999997,0.033799
2008-09-15 00:00:00,GLD,77.560000000000002,0.026605
2008-09-16 00:00:00,GLD,76.790000000000006,-0.009928
2008-09-17 00:00:00,GLD,85.459999999999994,0.112905
2008-09-18 00:00:00,GLD,82.799999999999997,-0.031126
2008-09-19 00:00:00,GLD,85.980000000000004,0.038406
2008-09-22 00:00:00,GLD,89.180000000000007,0.037218
2008-09-23 00:00:00,GLD,88.319999999999993,-0.009643
2008-09-24 00:00:00,GLD,86.709999999999994,-0.018229
2008-09-25 00:00:00,GLD,86.450000000000003,-0.002999
2008-09-26 00:00:00,GLD,86.640000000000001,0.002198
2008-09-29 00:00:00,GLD,89.569999999999993,0.033818
2008-09-30 00:00:00,GLD,85.069999999999993,-0.05024
2008-10-01 00:00:00,GLD,85.969999999999999,0.01058
2008-10-02 00:00:00,GLD,82.329999999999998,-0.04234
2008-10-03 00:00:00,GLD,82.590000000000003,0.003158
2008-10-06 00:00:00,GLD,84.280000000000001,0.020463
2008-10-07 00:00:00,GLD,87.269999999999996,0.035477
2008-10-08 00:00:00,GLD,89.420000000000002,0.024636
2008-10-09 00:00:00,GLD,89.900000000000006,0.005368
2008-10-10 00:00:00,GLD,83.219999999999999,-0.074305
2008-10-13 00:00:00,GLD,81.989999999999995,-0.01478
2008-10-14 00:00:00,GLD,82.200000000000003,0.002561
2008-10-15 00:00:00,GLD,83.310000000000002,0.013504
2008-10-16 00:00:00,GLD,79.290000000000006,-0.048253
2008-10-17 00:00:00,GLD,77.209999999999994,-0.026233
2008-10-20 00:00:00,GLD,78.5,0.016708
2008-10-21 00:00:00,GLD,76.027000000000001,-0.031503
2008-10-22 00:00:00,GLD,71.709999999999994,-0.056782
2008-10-23 00:00:00,GLD,70.650000000000006,-0.014782
2008-10-24 00:00:00,GLD,72.209999999999994,0.022081
2008-10-27 00:00:00,GLD,72.180000000000007,-0.000415
2008-10-28 00:00:00,GLD,73.790000000000006,0.022305
2008-10-29 00:00:00,GLD,74.0,0.002846
2008-10-30 00:00:00,GLD,72.709999999999994,-0.017432
2008-10-31 00:00:00,GLD,71.340000000000003,-0.018842
2008-11-03 00:00:00,GLD,71.099999999999994,-0.003364
2008-11-04 00:00:00,GLD,75.4786,0.061584
2008-11-05 00:00:00,GLD,72.799999999999997,-0.035488
2008-11-06 00:00:00,GLD,72.219999999999999,-0.007967
2008-11-07 00:00:00,GLD,72.5,0.003877
2008-11-10 00:00:00,GLD,73.579999999999998,0.014897
2008-11-11 00:00:00,GLD,72.049999999999997,-0.020794
2008-11-12 00:00:00,GLD,70.0,-0.028453
2008-11-13 00:00:00,GLD,72.150000000000006,0.030714
2008-11-14 00:00:00,GLD,73.299999999999997,0.015939
2008-11-17 00:00:00,GLD,72.650000000000006,-0.008868
2008-11-18 00:00:00,GLD,72.510000000000005,-0.001927
2008-11-19 00:00:00,GLD,72.260000000000005,-0.003448
2008-11-20 00:00:00,GLD,73.450000000000003,0.016468
2008-11-21 00:00:00,GLD,78.849999999999994,0.073519
2008-11-24 00:00:00,GLD,80.909999999999997,0.026126
2008-11-25 00:00:00,GLD,80.870000000000005,-0.000494
2008-11-26 00:00:00,GLD,80.379999999999995,-0.006059
2008-11-28 00:00:00,GLD,80.310000000000002,-0.000871
2008-12-01 00:00:00,GLD,75.650000000000006,-0.058025
2008-12-02 00:00:00,GLD,76.950000000000003,0.017184
2008-12-03 00:00:00,GLD,76.180000000000007,-0.010006
2008-12-04 00:00:00,GLD,75.5,-0.008926
2008-12-05 00:00:00,GLD,74.519999999999996,-0.01298
2008-12-08 00:00:00,GLD,76.194999999999993,0.022477
2008-12-09 00:00:00,GLD,76.329999999999998,0.001772
2008-12-10 00:00:00,GLD,79.75,0.044805
2008-12-11 00:00:00,GLD,80.650000000000006,0.011285
2008-12-12 00:00:00,GLD,80.810000000000002,0.001984
2008-12-15 00:00:00,GLD,82.599999999999994,0.022151
2008-12-16 00:00:00,GLD,84.459999999999994,0.022518
2008-12-17 00:00:00,GLD,85.430000000000007,0.011485
2008-12-18 00:00:00,GLD,83.870000000000005,-0.018261
2008-12-19 00:00:00,GLD,82.629999999999995,-0.014785
2008-12-22 00:00:00,GLD,83.459999999999994,0.010045
2008-12-23 00:00:00,GLD,82.629999999999995,-0.009945
2008-12-24 00:00:00,GLD,83.459999999999994,0.010045
2008-12-26 00:00:00,GLD,85.599999999999994,0.025641
2008-12-29 00:00:00,GLD,86.349999999999994,0.008762
2008-12-30 00:00:00,GLD,85.900000000000006,-0.005211
2008-12-31 00:00:00,GLD,86.519999999999996,0.007218
2009-01-02 00:00:00,GLD,86.230000000000004,-0.003352
2009-01-05 00:00:00,GLD,84.480000000000004,-0.020295
2009-01-06 00:00:00,GLD,85.129999999999995,0.007694
2009-01-07 00:00:00,GLD,82.75,-0.027957
2009-01-08 00:00:00,GLD,84.459999999999994,0.020665
2009-01-09 00:00:00,GLD,83.920000000000002,-0.006394
2009-01-12 00:00:00,GLD,80.760000000000005,-0.037655
2009-01-13 00:00:00,GLD,80.879999999999995,0.001486
2009-01-14 00:00:00,GLD,79.790000000000006,-0.013477
2009-01-15 00:00:00,GLD,80.390000000000001,0.00752
2009-01-16 00:00:00,GLD,82.709999999999994,0.028859
2009-01-20 00:00:00,GLD,84.519999999999996,0.021884
2009-01-21 00:00:00,GLD,84.150000000000006,-0.004378
2009-01-22 00:00:00,GLD,84.579999999999998,0.00511
2009-01-23 00:00:00,GLD,88.530000000000001,0.046701
2009-01-26 00:00:00,GLD,88.950000000000003,0.004744
2009-01-27 00:00:00,GLD,88.379999999999995,-0.006408
2009-01-28 00:00:00,GLD,87.415000000000006,-0.010919
2009-01-29 00:00:00,GLD,89.5,0.023852
2009-01-30 00:00:00,GLD,91.310000000000002,0.020223
2009-02-02 00:00:00,GLD,88.840000000000003,-0.027051
2009-02-03 00:00:00,GLD,88.469999999999999,-0.004165
2009-02-04 00:00:00,GLD,89.180000000000007,0.008025
2009-02-05 00:00:00,GLD,90.120000000000005,0.010541
2009-02-06 00:00:00,GLD,89.590000000000003,-0.005881
2009-02-09 00:00:00,GLD,88.319999999999993,-0.014176
2009-02-10 00:00:00,GLD,90.209999999999994,0.021399
2009-02-11 00:00:00,GLD,92.290000000000006,0.023057
2009-02-12 00:00:00,GLD,93.170000000000002,0.009535
2009-02-13 00:00:00,GLD,92.549999999999997,-0.006654
2009-02-17 00:00:00,GLD,95.450000000000003,0.031334
2009-02-18 00:00:00,GLD,96.909999999999997,0.015296
2009-02-19 00:00:00,GLD,95.769999999999996,-0.011764
2009-02-20 00:00:00,GLD,97.799999999999997,0.021197
2009-02-23 00:00:00,GLD,97.730000000000004,-0.000716
2009-02-24 00:00:00,GLD,94.730000000000004,-0.030697
2009-02-25 00:00:00,GLD,93.150000000000006,-0.016679
2009-02-26 00:00:00,GLD,93.057000000000002,-0.000998
2009-02-27 00:00:00,GLD,92.629999999999995,-0.004589
2009-03-02 00:00:00,GLD,90.930000000000007,-0.018353
2009-03-03 00:00:00,GLD,90.040000000000006,-0.009788
2009-03-04 00:00:00,GLD,88.989999999999995,-0.011662
2009-03-05 00:00:00,GLD,91.987000000000009,0.033678
2009-03-06 00:00:00,GLD,92.290000000000006,0.003294
2009-03-09 00:00:00,GLD,90.569999999999993,-0.018637
2009-03-10 00:00:00,GLD,88.140000000000001,-0.02683
2009-03-11 00:00:00,GLD,89.219999999999999,0.012253
2009-03-12 00:00:00,GLD,91.099999999999994,0.021071
2009-03-13 00:00:00,GLD,91.299999999999997,0.002195
2009-03-16 00:00:00,GLD,90.799999999999997,-0.005476
2009-03-17 00:00:00,GLD,90.040000000000006,-0.00837
2009-03-18 00:00:00,GLD,93.090000000000003,0.033874
2009-03-19 00:00:00,GLD,94.349999999999994,0.013535
2009-03-20 00:00:00,GLD,93.590000000000003,-0.008055
2009-03-23 00:00:00,GLD,92.079999999999998,-0.016134
2009-03-24 00:00:00,GLD,90.950000000000003,-0.012272
2009-03-25 00:00:00,GLD,91.980000000000004,0.011325
2009-03-26 00:00:00,GLD,91.930000000000007,-0.000544
2009-03-27 00:00:00,GLD,90.689999999999998,-0.013489
2009-03-30 00:00:00,GLD,89.980000000000004,-0.007829
2009-03-31 00:00:00,GLD,90.280000000000001,0.003334
2009-04-01 00:00:00,GLD,91.030000000000001,0.008307
2009-04-02 00:00:00,GLD,88.799999999999997,-0.024497
2009-04-03 00:00:00,GLD,87.590000000000003,-0.013626
2009-04-06 00:00:00,GLD,85.269999999999996,-0.026487
2009-04-07 00:00:00,GLD,86.739999999999995,0.017239
2009-04-08 00:00:00,GLD,86.609999999999999,-0.001499
2009-04-09 00:00:00,GLD,86.310000000000002,-0.003464
2009-04-13 00:00:00,GLD,87.879999999999995,0.01819
2009-04-14 00:00:00,GLD,87.370000000000005,-0.005803
2009-04-15 00:00:00,GLD,87.5,0.001488
2009-04-16 00:00:00,GLD,85.810000000000002,-0.019314
2009-04-17 00:00:00,GLD,85.219999999999999,-0.006876
2009-04-20 00:00:00,GLD,86.950000000000003,0.0203
2009-04-21 00:00:00,GLD,86.890000000000001,-0.00069
2009-04-22 00:00:00,GLD,87.379999999999995,0.005639
2009-04-23 00:00:00,GLD,88.799999999999997,0.016251
2009-04-24 00:00:00,GLD,89.719999999999999,0.01036
2009-04-27 00:00:00,GLD,89.010000000000005,-0.007913
2009-04-28 00:00:00,GLD,87.75,-0.014156
2009-04-29 00:00:00,GLD,88.329999999999998,0.00661
2009-04-30 00:00:00,GLD,87.269999999999996,-0.012001
2009-05-01 00:00:00,GLD,86.950000000000003,-0.003667
2009-05-04 00:00:00,GLD,88.640100000000004,0.019438
2009-05-05 00:00:00,GLD,88.25,-0.004401
2009-05-06 00:00:00,GLD,89.540000000000006,0.014618
2009-05-07 00:00:00,GLD,89.439999999999998,-0.001117
2009-05-08 00:00:00,GLD,89.980000000000004,0.006038
2009-05-11 00:00:00,GLD,89.689999999999998,-0.003223
2009-05-12 00:00:00,GLD,90.700000000000003,0.011261
2009-05-13 00:00:00,GLD,91.090000000000003,0.0043
2009-05-14 00:00:00,GLD,91.030000000000001,-0.000659
2009-05-15 00:00:00,GLD,91.549999999999997,0.005712
2009-05-18 00:00:00,GLD,90.359999999999999,-0.012998
2009-05-19 00:00:00,GLD,90.959999999999994,0.00664
2009-05-20 00:00:00,GLD,92.25,0.014182
2009-05-21 00:00:00,GLD,93.849999999999994,0.017344
2009-05-22 00:00:00,GLD,94.150000000000006,0.003197
2009-05-26 00:00:00,GLD,93.760000000000005,-0.004142
2009-05-27 00:00:00,GLD,93.450000000000003,-0.003306
2009-05-28 00:00:00,GLD,94.239999999999995,0.008454
2009-05-29 00:00:00,GLD,96.200000000000003,0.020798
2009-06-01 00:00:00,GLD,95.730000000000004,-0.004886
2009-06-02 00:00:00,GLD,96.359999999999999,0.006581
2009-06-03 00:00:00,GLD,94.409999999999997,-0.020237
2009-06-04 00:00:00,GLD,96.230000000000004,0.019278
2009-06-05 00:00:00,GLD,93.709999999999994,-0.026187
2009-06-08 00:00:00,GLD,93.560000000000002,-0.001601
2009-06-09 00:00:00,GLD,93.829999999999998,0.002886
2009-06-10 00:00:00,GLD,93.859999999999999,0.00032
2009-06-11 00:00:00,GLD,93.700000000000003,-0.001705
2009-06-12 00:00:00,GLD,92.170000000000002,-0.016329
2009-06-15 00:00:00,GLD,91.099999999999994,-0.011609
2009-06-16 00:00:00,GLD,91.930000000000007,0.009111
2009-06-17 00:00:00,GLD,92.349999999999994,0.004569
2009-06-18 00:00:00,GLD,91.609999999999999,-0.008013
2009-06-19 00:00:00,GLD,91.900000000000006,0.003166
2009-06-22 00:00:00,GLD,90.540000000000006,-0.014799
2009-06-23 00:00:00,GLD,90.920000000000002,0.004197
2009-06-24 00:00:00,GLD,91.450000000000003,0.005829
2009-06-25 00:00:00,GLD,92.310000000000002,0.009404
2009-06-26 00:00:00,GLD,92.290000000000006,-0.000217
2009-06-29 00:00:00,GLD,92.040000000000006,-0.002709
2009-06-30 00:00:00,GLD,91.180000000000007,-0.009344
2009-07-01 00:00:00,GLD,92.390000000000001,0.01327
2009-07-02 00:00:00,GLD,91.25,-0.012339
2009-07-06 00:00:00,GLD,90.760000000000005,-0.00537
2009-07-07 00:00:00,GLD,90.709999999999994,-0.000551
2009-07-08 00:00:00,GLD,89.269999999999996,-0.015875
2009-07-09 00:00:00,GLD,89.510000000000005,0.002689
2009-07-10 00:00:00,GLD,89.579999999999998,0.000782
2009-07-13 00:00:00,GLD,90.189999999999998,0.00681
2009-07-14 00:00:00,GLD,90.810000000000002,0.006874
2009-07-15 00:00:00,GLD,92.239999999999995,0.015747
2009-07-16 00:00:00,GLD,91.980000000000004,-0.002819
2009-07-17 00:00:00,GLD,91.930000000000007,-0.000544
2009-07-20 00:00:00,GLD,93.280000000000001,0.014685
2009-07-21 00:00:00,GLD,93.129999999999995,-0.001608
2009-07-22 00:00:00,GLD,93.439999999999998,0.003329
2009-07-23 00:00:00,GLD,93.260000000000005,-0.001926
2009-07-24 00:00:00,GLD,93.409999999999997,0.001608
2009-07-27 00:00:00,GLD,93.709999999999994,0.003212
2009-07-28 00:00:00,GLD,92.109999999999999,-0.017074
2009-07-29 00:00:00,GLD,91.200000000000003,-0.00988
2009-07-30 00:00:00,GLD,91.620000000000005,0.004605
2009-07-31 00:00:00,GLD,93.349999999999994,0.018882
2009-08-03 00:00:00,GLD,93.870000000000005,0.00557
2009-08-04 00:00:00,GLD,94.680000000000007,0.008629
2009-08-05 00:00:00,GLD,94.780000000000001,0.001056
2009-08-06 00:00:00,GLD,94.599999999999994,-0.001899
2009-08-07 00:00:00,GLD,93.75,-0.008985
2009-08-10 00:00:00,GLD,92.927000000000007,-0.008779
2009-08-11 00:00:00,GLD,92.790000000000006,-0.001474
2009-08-12 00:00:00,GLD,92.950000000000003,0.001724
2009-08-13 00:00:00,GLD,93.719999999999999,0.008284
2009-08-14 00:00:00,GLD,93.0,-0.007682
2009-08-17 00:00:00,GLD,91.609999999999999,-0.014946
2009-08-18 00:00:00,GLD,92.060000000000002,0.004912
2009-08-19 00:00:00,GLD,92.532000000000011,0.005127
2009-08-20 00:00:00,GLD,92.269999999999996,-0.002831
2009-08-21 00:00:00,GLD,93.650000000000006,0.014956
2009-08-24 00:00:00,GLD,92.340000000000003,-0.013988
2009-08-25 00:00:00,GLD,92.760000000000005,0.004548
2009-08-26 00:00:00,GLD,92.790000000000006,0.000323
2009-08-27 00:00:00,GLD,93.189999999999998,0.004311
2009-08-28 00:00:00,GLD,93.870000000000005,0.007297
2009-08-31 00:00:00,GLD,93.400000000000006,-0.005007
2009-09-01 00:00:00,GLD,93.900000000000006,0.005353
2009-09-02 00:00:00,GLD,96.189999999999998,0.024388
2009-09-03 00:00:00,GLD,97.459999999999994,0.013203
2009-09-04 00:00:00,GLD,97.528999999999996,0.000708
2009-09-08 00:00:00,GLD,97.430000000000007,-0.001015
2009-09-09 00:00:00,GLD,97.079999999999998,-0.003592
2009-09-10 00:00:00,GLD,97.700000000000003,0.006386
2009-09-11 00:00:00,GLD,98.780000000000001,0.011054
2009-09-14 00:00:00,GLD,97.959999999999994,-0.008301
2009-09-15 00:00:00,GLD,98.900000000000006,0.009596
2009-09-16 00:00:00,GLD,99.909999999999997,0.010212
2009-09-17 00:00:00,GLD,99.340000000000003,-0.005705
2009-09-18 00:00:00,GLD,98.670000000000002,-0.006744
2009-09-21 00:00:00,GLD,98.359999999999999,-0.003142
2009-09-22 00:00:00,GLD,99.670000000000002,0.013318
2009-09-23 00:00:00,GLD,98.829999999999998,-0.008428
2009-09-24 00:00:00,GLD,97.549999999999997,-0.012952
2009-09-25 00:00:00,GLD,97.0,-0.005638
2009-09-28 00:00:00,GLD,97.049999999999997,0.000515
2009-09-29 00:00:00,GLD,97.430000000000007,0.003915
2009-09-30 00:00:00,GLD,98.849999999999994,0.014575
2009-10-01 00:00:00,GLD,97.890000000000001,-0.009712
2009-10-02 00:00:00,GLD,98.370000000000005,0.004903
2009-10-05 00:00:00,GLD,99.819999999999993,0.01474
2009-10-06 00:00:00,GLD,102.28,0.024644
2009-10-07 00:00:00,GLD,102.361,0.000792
2009-10-08 00:00:00,GLD,103.64,0.012495
2009-10-09 00:00:00,GLD,102.84,-0.007719
2009-10-12 00:00:00,GLD,103.56,0.007001
2009-10-13 00:00:00,GLD,104.26000000000001,0.006759
2009-10-14 00:00:00,GLD,104.18000000000001,-0.000767
2009-10-15 00:00:00,GLD,102.86,-0.01267
2009-10-16 00:00:00,GLD,103.18000000000001,0.003111
2009-10-19 00:00:00,GLD,104.23,0.010176
2009-10-20 00:00:00,GLD,103.42,-0.007771
2009-10-21 00:00:00,GLD,103.745,0.003143
2009-10-22 00:00:00,GLD,103.92,0.001687
2009-10-23 00:00:00,GLD,103.48999999999999,-0.004138
2009-10-26 00:00:00,GLD,101.86,-0.01575
2009-10-27 00:00:00,GLD,101.84999999999999,-0.000098
2009-10-28 00:00:00,GLD,100.73,-0.010997
2009-10-29 00:00:00,GLD,102.68799999999999,0.019438
2009-10-30 00:00:00,GLD,102.53,-0.001539
2009-11-02 00:00:00,GLD,103.95,0.01385
2009-11-03 00:00:00,GLD,106.45999999999999,0.024146
2009-11-04 00:00:00,GLD,107.09999999999999,0.006012
2009-11-05 00:00:00,GLD,106.98,-0.00112
2009-11-06 00:00:00,GLD,107.43000000000001,0.004206
2009-11-09 00:00:00,GLD,108.19,0.007074
2009-11-10 00:00:00,GLD,108.39,0.001849
2009-11-11 00:00:00,GLD,109.59999999999999,0.011163
2009-11-12 00:00:00,GLD,108.20999999999999,-0.012682
2009-11-13 00:00:00,GLD,109.73999999999999,0.014139
2009-11-16 00:00:00,GLD,111.63,0.017223
2009-11-17 00:00:00,GLD,111.97,0.003046
2009-11-18 00:00:00,GLD,112.25,0.002501
2009-11-19 00:00:00,GLD,112.3,0.000445
2009-11-20 00:00:00,GLD,112.94,0.005699
2009-11-23 00:00:00,GLD,114.29000000000001,0.011953
2009-11-24 00:00:00,GLD,114.73,0.00385
2009-11-25 00:00:00,GLD,116.62,0.016473
2009-11-27 00:00:00,GLD,115.06,-0.013377
2009-11-30 00:00:00,GLD,115.64,0.005041
2009-12-01 00:00:00,GLD,117.38,0.015047
2009-12-02 00:00:00,GLD,119.18000000000001,0.015335
2009-12-03 00:00:00,GLD,118.7,-0.004028
2009-12-04 00:00:00,GLD,113.75299999999999,-0.041676
2009-12-07 00:00:00,GLD,113.11,-0.005653
2009-12-08 00:00:00,GLD,110.95,-0.019096
2009-12-09 00:00:00,GLD,110.84,-0.000991
2009-12-10 00:00:00,GLD,110.81999999999999,-0.00018
2009-12-11 00:00:00,GLD,109.31999999999999,-0.013535
2009-12-14 00:00:00,GLD,110.23999999999999,0.008416
2009-12-15 00:00:00,GLD,110.20999999999999,-0.000272
2009-12-16 00:00:00,GLD,111.59,0.012522
2009-12-17 00:00:00,GLD,107.34,-0.038086
2009-12-18 00:00:00,GLD,108.95,0.014999
2009-12-21 00:00:00,GLD,106.95,-0.018357
2009-12-22 00:00:00,GLD,106.17,-0.007293
2009-12-23 00:00:00,GLD,106.55,0.003579
2009-12-24 00:00:00,GLD,108.36,0.016987
2009-12-28 00:00:00,GLD,108.55,0.001753
2009-12-29 00:00:00,GLD,107.47,-0.009949
2009-12-30 00:00:00,GLD,106.93000000000001,-0.005025
2009-12-31 00:00:00,GLD,107.31,0.003554
2010-01-04 00:00:00,GLD,109.8,0.023204
2010-01-05 00:00:00,GLD,109.7,-0.000911
2010-01-06 00:00:00,GLD,111.51000000000001,0.0165
2010-01-07 00:00:00,GLD,110.81999999999999,-0.006188
2010-01-08 00:00:00,GLD,111.37,0.004963
2010-01-11 00:00:00,GLD,112.84999999999999,0.013289
2010-01-12 00:00:00,GLD,110.48999999999999,-0.020913
2010-01-13 00:00:00,GLD,111.54000000000001,0.009503
2010-01-14 00:00:00,GLD,112.03,0.004393
2010-01-15 00:00:00,GLD,110.86,-0.010444
2010-01-19 00:00:00,GLD,111.52,0.005953
2010-01-20 00:00:00,GLD,108.94,-0.023135
2010-01-21 00:00:00,GLD,107.37,-0.014412
2010-01-22 00:00:00,GLD,107.17,-0.001863
2010-01-25 00:00:00,GLD,107.48,0.002893
2010-01-26 00:00:00,GLD,107.56,0.000744
2010-01-27 00:00:00,GLD,106.52799999999999,-0.009595
2010-01-28 00:00:00,GLD,106.48,-0.000451
2010-01-29 00:00:00,GLD,105.95999999999999,-0.004884
2010-02-01 00:00:00,GLD,108.34999999999999,0.022556
2010-02-02 00:00:00,GLD,109.13,0.007199
2010-02-03 00:00:00,GLD,108.7,-0.00394
2010-02-04 00:00:00,GLD,104.37,-0.039834
2010-02-05 00:00:00,GLD,104.68000000000001,0.00297
2010-02-08 00:00:00,GLD,104.04000000000001,-0.006114
2010-02-09 00:00:00,GLD,105.41,0.013168
2010-02-10 00:00:00,GLD,105.12,-0.002751
2010-02-11 00:00:00,GLD,107.13,0.019121
2010-02-12 00:00:00,GLD,107.04000000000001,-0.00084
2010-02-16 00:00:00,GLD,109.62,0.024103
2010-02-17 00:00:00,GLD,109.25,-0.003375
2010-02-18 00:00:00,GLD,109.98,0.006682
2010-02-19 00:00:00,GLD,109.47,-0.004637
2010-02-22 00:00:00,GLD,109.06999999999999,-0.003654
2010-02-23 00:00:00,GLD,107.89,-0.010819
2010-02-24 00:00:00,GLD,107.36,-0.004912
2010-02-25 00:00:00,GLD,108.31,0.008849
2010-02-26 00:00:00,GLD,109.43000000000001,0.010341
2010-03-01 00:00:00,GLD,109.43000000000001,0
2010-03-02 00:00:00,GLD,111.02,0.01453
2010-03-03 00:00:00,GLD,111.63,0.005495
2010-03-04 00:00:00,GLD,110.83,-0.007166
2010-03-05 00:00:00,GLD,110.81,-0.00018
2010-03-08 00:00:00,GLD,109.88,-0.008393
2010-03-09 00:00:00,GLD,109.71799999999999,-0.001474
2010-03-10 00:00:00,GLD,108.47,-0.011375
2010-03-11 00:00:00,GLD,108.59999999999999,0.001198
2010-03-12 00:00:00,GLD,107.95,-0.005985
2010-03-15 00:00:00,GLD,108.36,0.003798
2010-03-16 00:00:00,GLD,110.40000000000001,0.018826
2010-03-17 00:00:00,GLD,109.59,-0.007337
2010-03-18 00:00:00,GLD,110.34,0.006844
2010-03-19 00:00:00,GLD,108.28,-0.01867
2010-03-22 00:00:00,GLD,107.75,-0.004895
2010-03-23 00:00:00,GLD,108.31999999999999,0.00529
2010-03-24 00:00:00,GLD,106.3,-0.018648
2010-03-25 00:00:00,GLD,106.78,0.004515
2010-03-26 00:00:00,GLD,108.59,0.016951
2010-03-29 00:00:00,GLD,108.75,0.001473
2010-03-30 00:00:00,GLD,107.97,-0.007172
2010-03-31 00:00:00,GLD,108.95,0.009077
2010-04-01 00:00:00,GLD,110.26000000000001,0.012024
2010-04-05 00:00:00,GLD,110.89,0.005714
2010-04-06 00:00:00,GLD,111.03,0.001263
2010-04-07 00:00:00,GLD,112.48999999999999,0.01315
2010-04-08 00:00:00,GLD,112.65000000000001,0.001422
2010-04-09 00:00:00,GLD,113.64,0.008788
2010-04-12 00:00:00,GLD,113.01000000000001,-0.005544
2010-04-13 00:00:00,GLD,112.69,-0.002832
2010-04-14 00:00:00,GLD,113.03,0.003017
2010-04-15 00:00:00,GLD,113.65000000000001,0.005485
2010-04-16 00:00:00,GLD,111.23999999999999,-0.021205
2010-04-19 00:00:00,GLD,111.15000000000001,-0.000809
2010-04-20 00:00:00,GLD,111.45999999999999,0.002789
2010-04-21 00:00:00,GLD,112.31,0.007626
2010-04-22 00:00:00,GLD,111.84,-0.004185
2010-04-23 00:00:00,GLD,113.19,0.012071
2010-04-26 00:00:00,GLD,112.75,-0.003887
2010-04-27 00:00:00,GLD,114.63,0.016674
2010-04-28 00:00:00,GLD,114.31,-0.002792
2010-04-29 00:00:00,GLD,114.28,-0.000262
2010-04-30 00:00:00,GLD,115.36,0.00945
2010-05-03 00:00:00,GLD,115.73,0.003207
2010-05-04 00:00:00,GLD,114.87,-0.007431
2010-05-05 00:00:00,GLD,115.09,0.001915
2010-05-06 00:00:00,GLD,118.486,0.029507
2010-05-07 00:00:00,GLD,118.27,-0.001823
2010-05-10 00:00:00,GLD,117.56999999999999,-0.005919
2010-05-11 00:00:00,GLD,120.65600000000001,0.026248
2010-05-12 00:00:00,GLD,121.40000000000001,0.006166
2010-05-13 00:00:00,GLD,120.56,-0.006919
2010-05-14 00:00:00,GLD,120.37,-0.001576
2010-05-17 00:00:00,GLD,119.36,-0.008391
2010-05-18 00:00:00,GLD,119.48999999999999,0.001089
2010-05-19 00:00:00,GLD,116.63,-0.023935
2010-05-20 00:00:00,GLD,115.84,-0.006774
2010-05-21 00:00:00,GLD,115.22,-0.005352
2010-05-24 00:00:00,GLD,116.84,0.01406
2010-05-25 00:00:00,GLD,117.36,0.004451
2010-05-26 00:00:00,GLD,118.47,0.009458
2010-05-27 00:00:00,GLD,118.69,0.001857
2010-05-28 00:00:00,GLD,118.881,0.001609
2010-06-01 00:00:00,GLD,119.91,0.008656
2010-06-02 00:00:00,GLD,119.78,-0.001084
2010-06-03 00:00:00,GLD,117.95999999999999,-0.015195
2010-06-04 00:00:00,GLD,119.19,0.010427
2010-06-07 00:00:00,GLD,121.48999999999999,0.019297
2010-06-08 00:00:00,GLD,121.0025,-0.004013
2010-06-09 00:00:00,GLD,120.56,-0.003657
2010-06-10 00:00:00,GLD,118.97499999999999,-0.013147
2010-06-11 00:00:00,GLD,120.01000000000001,0.008699
2010-06-14 00:00:00,GLD,119.59999999999999,-0.003416
2010-06-15 00:00:00,GLD,120.98999999999999,0.011622
2010-06-16 00:00:00,GLD,120.33,-0.005455
2010-06-17 00:00:00,GLD,121.90000000000001,0.013047
2010-06-18 00:00:00,GLD,122.83,0.007629
2010-06-21 00:00:00,GLD,120.39,-0.019865
2010-06-22 00:00:00,GLD,121.45,0.008805
2010-06-23 00:00:00,GLD,120.95,-0.004117
2010-06-24 00:00:00,GLD,121.3,0.002894
2010-06-25 00:00:00,GLD,122.76000000000001,0.012036
2010-06-28 00:00:00,GLD,121.09,-0.013604
2010-06-29 00:00:00,GLD,121.27,0.001487
2010-06-30 00:00:00,GLD,121.68000000000001,0.003381
2010-07-01 00:00:00,GLD,117.04000000000001,-0.038133
2010-07-02 00:00:00,GLD,118.48999999999999,0.012389
2010-07-06 00:00:00,GLD,116.51000000000001,-0.01671
2010-07-07 00:00:00,GLD,117.73,0.010471
2010-07-08 00:00:00,GLD,117.20999999999999,-0.004417
2010-07-09 00:00:00,GLD,118.36,0.009811
2010-07-12 00:00:00,GLD,117.34,-0.008618
2010-07-13 00:00:00,GLD,118.36,0.008693
2010-07-14 00:00:00,GLD,118.3,-0.000507
2010-07-15 00:00:00,GLD,118.23,-0.000592
2010-07-16 00:00:00,GLD,116.67,-0.013195
2010-07-19 00:00:00,GLD,115.73,-0.008057
2010-07-20 00:00:00,GLD,116.65000000000001,0.00795
2010-07-21 00:00:00,GLD,115.84999999999999,-0.006858
2010-07-22 00:00:00,GLD,116.863,0.008744
2010-07-23 00:00:00,GLD,116.09,-0.006615
2010-07-26 00:00:00,GLD,115.52,-0.00491
2010-07-27 00:00:00,GLD,113.51000000000001,-0.0174
2010-07-28 00:00:00,GLD,113.78,0.002379
2010-07-29 00:00:00,GLD,114.288,0.004465
2010-07-30 00:00:00,GLD,115.48999999999999,0.010517
2010-08-02 00:00:00,GLD,115.54000000000001,0.000433
2010-08-03 00:00:00,GLD,115.98999999999999,0.003895
2010-08-04 00:00:00,GLD,116.72,0.006294
2010-08-05 00:00:00,GLD,116.98,0.002228
2010-08-06 00:00:00,GLD,117.84,0.007352
2010-08-09 00:00:00,GLD,117.40000000000001,-0.003734
2010-08-10 00:00:00,GLD,117.73,0.002811
2010-08-11 00:00:00,GLD,117.34,-0.003313
2010-08-12 00:00:00,GLD,118.77,0.012187
2010-08-13 00:00:00,GLD,118.73999999999999,-0.000253
2010-08-16 00:00:00,GLD,119.73,0.008338
2010-08-17 00:00:00,GLD,119.75,0.000167
2010-08-18 00:00:00,GLD,120.22,0.003925
2010-08-19 00:00:00,GLD,120.39,0.001414
2010-08-20 00:00:00,GLD,119.97,-0.003489
2010-08-23 00:00:00,GLD,119.78,-0.001584
2010-08-24 00:00:00,GLD,120.36,0.004842
2010-08-25 00:00:00,GLD,121.36,0.008308
2010-08-26 00:00:00,GLD,120.95999999999999,-0.003296
2010-08-27 00:00:00,GLD,121.01000000000001,0.000413
2010-08-30 00:00:00,GLD,120.91,-0.000826
2010-08-31 00:00:00,GLD,122.08,0.009677
2010-09-01 00:00:00,GLD,121.69,-0.003195
2010-09-02 00:00:00,GLD,122.29000000000001,0.004931
2010-09-03 00:00:00,GLD,121.86,-0.003516
2010-09-07 00:00:00,GLD,122.7,0.006893
2010-09-08 00:00:00,GLD,122.70999999999999,0.000082
2010-09-09 00:00:00,GLD,121.56,-0.009372
2010-09-10 00:00:00,GLD,121.73,0.001399
2010-09-13 00:00:00,GLD,121.62,-0.000904
2010-09-14 00:00:00,GLD,124.024,0.019766
2010-09-15 00:00:00,GLD,123.94,-0.000677
2010-09-16 00:00:00,GLD,124.63,0.005567
2010-09-17 00:00:00,GLD,124.5425,-0.000702
2010-09-20 00:00:00,GLD,124.87,0.00263
2010-09-21 00:00:00,GLD,126.01000000000001,0.009129
2010-09-22 00:00:00,GLD,126.2,0.001508
2010-09-23 00:00:00,GLD,126.3,0.000792
2010-09-24 00:00:00,GLD,126.69,0.003088
2010-09-27 00:00:00,GLD,126.72,0.000237
2010-09-28 00:00:00,GLD,127.84999999999999,0.008917
2010-09-29 00:00:00,GLD,127.95,0.000782
2010-09-30 00:00:00,GLD,127.91,-0.000313
2010-10-01 00:00:00,GLD,128.91,0.007818
2010-10-04 00:00:00,GLD,128.46001000000001,-0.003491
2010-10-05 00:00:00,GLD,130.99001000000001,0.019695
2010-10-06 00:00:00,GLD,131.81,0.00626
2010-10-07 00:00:00,GLD,130.37,-0.010925
2010-10-08 00:00:00,GLD,131.66,0.009895
2010-10-11 00:00:00,GLD,132.29201,0.0048
2010-10-12 00:00:00,GLD,131.96001000000001,-0.00251
2010-10-13 00:00:00,GLD,134.07001,0.01599
2010-10-14 00:00:00,GLD,134.75,0.005072
2010-10-15 00:00:00,GLD,133.67999,-0.007941
2010-10-18 00:00:00,GLD,134.28,0.004488
2010-10-19 00:00:00,GLD,130.11000000000001,-0.031055
2010-10-20 00:00:00,GLD,131.32001,0.0093
2010-10-21 00:00:00,GLD,129.47,-0.014088
2010-10-22 00:00:00,GLD,129.72999999999999,0.002008
2010-10-25 00:00:00,GLD,130.85001,0.008633
2010-10-26 00:00:00,GLD,130.88,0.000229
2010-10-27 00:00:00,GLD,129.52000000000001,-0.010391
2010-10-28 00:00:00,GLD,131.24001000000001,0.01328
2010-10-29 00:00:00,GLD,132.62,0.010515
2010-11-01 00:00:00,GLD,131.91999999999999,-0.005278
2010-11-02 00:00:00,GLD,132.49001000000001,0.004321
2010-11-03 00:00:00,GLD,131.57001,-0.006944
2010-11-04 00:00:00,GLD,136.03,0.033898
2010-11-05 00:00:00,GLD,136.38,0.002573
2010-11-08 00:00:00,GLD,137.78,0.010265
2010-11-09 00:00:00,GLD,135.59,-0.015895
2010-11-10 00:00:00,GLD,137.24001000000001,0.012169
2010-11-11 00:00:00,GLD,137.66,0.00306
2010-11-12 00:00:00,GLD,133.69,-0.028839
2010-11-15 00:00:00,GLD,132.41999999999999,-0.0095
2010-11-16 00:00:00,GLD,130.96799999999999,-0.010965
2010-11-17 00:00:00,GLD,130.38,-0.00449
2010-11-18 00:00:00,GLD,132.08799999999999,0.0131
2010-11-19 00:00:00,GLD,132.19999999999999,0.000848
2010-11-22 00:00:00,GLD,133.47999999999999,0.009682
2010-11-23 00:00:00,GLD,134.41,0.006967
2010-11-24 00:00:00,GLD,134.17999,-0.001711
2010-11-26 00:00:00,GLD,133.11000000000001,-0.007974
2010-11-29 00:00:00,GLD,133.50799999999998,0.00299
2010-11-30 00:00:00,GLD,135.41999999999999,0.014321
2010-12-01 00:00:00,GLD,135.38,-0.000295
2010-12-02 00:00:00,GLD,135.19999999999999,-0.00133
2010-12-03 00:00:00,GLD,138.07001,0.021228
2010-12-06 00:00:00,GLD,139.11000000000001,0.007532
2010-12-07 00:00:00,GLD,136.5,-0.018762
2010-12-08 00:00:00,GLD,134.78998999999999,-0.012528
2010-12-09 00:00:00,GLD,135.37,0.004303
2010-12-10 00:00:00,GLD,135.40799999999999,0.000281
2010-12-13 00:00:00,GLD,136.05000000000001,0.004741
2010-12-14 00:00:00,GLD,136.17999,0.000955
2010-12-15 00:00:00,GLD,134.69999999999999,-0.010868
2010-12-16 00:00:00,GLD,133.81,-0.006607
2010-12-17 00:00:00,GLD,134.19999999999999,0.002915
2010-12-20 00:00:00,GLD,135.11000000000001,0.006781
2010-12-21 00:00:00,GLD,135.32001,0.001554
2010-12-22 00:00:00,GLD,135.05000000000001,-0.001995
2010-12-23 00:00:00,GLD,134.66,-0.002888
2010-12-27 00:00:00,GLD,135.02000000000001,0.002673
2010-12-28 00:00:00,GLD,137.22,0.016294
2010-12-29 00:00:00,GLD,137.71001000000001,0.003571
2010-12-30 00:00:00,GLD,137.03,-0.004938
2010-12-31 00:00:00,GLD,138.72,0.012333
2011-01-03 00:00:00,GLD,138.0,-0.00519
2011-01-04 00:00:00,GLD,134.75,-0.023551
2011-01-05 00:00:00,GLD,134.37,-0.00282
2011-01-06 00:00:00,GLD,133.83000000000001,-0.004019
2011-01-07 00:00:00,GLD,133.58000000000001,-0.001868
2011-01-10 00:00:00,GLD,134.12,0.004042
2011-01-11 00:00:00,GLD,134.91,0.00589
2011-01-12 00:00:00,GLD,135.46001000000001,0.004077
2011-01-13 00:00:00,GLD,134.05000000000001,-0.010409
2011-01-14 00:00:00,GLD,132.69,-0.010145
2011-01-18 00:00:00,GLD,133.42999,0.005577
2011-01-19 00:00:00,GLD,133.72,0.002173
2011-01-20 00:00:00,GLD,131.19999999999999,-0.018845
2011-01-21 00:00:00,GLD,131.03,-0.001296
2011-01-24 00:00:00,GLD,130.36000000000001,-0.005113
2011-01-25 00:00:00,GLD,130.10001,-0.001994
2011-01-26 00:00:00,GLD,131.16,0.008148
2011-01-27 00:00:00,GLD,127.925,-0.024665
2011-01-28 00:00:00,GLD,130.28,0.018409
2011-01-31 00:00:00,GLD,129.87,-0.003147
2011-02-01 00:00:00,GLD,130.80000000000001,0.007161
2011-02-02 00:00:00,GLD,130.44999999999999,-0.002676
2011-02-03 00:00:00,GLD,132.19999999999999,0.013415
2011-02-04 00:00:00,GLD,131.66,-0.004085
2011-02-07 00:00:00,GLD,131.67999,0.000152
2011-02-08 00:00:00,GLD,133.13999999999999,0.011088
2011-02-09 00:00:00,GLD,133.07001,-0.000526
2011-02-10 00:00:00,GLD,132.85001,-0.001653
2011-02-11 00:00:00,GLD,132.32248999999999,-0.003971
2011-02-14 00:00:00,GLD,132.94999999999999,0.004742
2011-02-15 00:00:00,GLD,133.97,0.007672
2011-02-16 00:00:00,GLD,134.10001,0.00097
2011-02-17 00:00:00,GLD,135.03998999999999,0.00701
2011-02-18 00:00:00,GLD,135.41,0.00274
2011-02-22 00:00:00,GLD,136.28998999999999,0.006499
2011-02-23 00:00:00,GLD,137.50998999999999,0.008952
2011-02-24 00:00:00,GLD,136.47999999999999,-0.00749
2011-02-25 00:00:00,GLD,137.38399999999999,0.006624
2011-02-28 00:00:00,GLD,137.661,0.002016
2011-03-01 00:00:00,GLD,140.03,0.017209
2011-03-02 00:00:00,GLD,139.91701,-0.000807
2011-03-03 00:00:00,GLD,138.09,-0.013058
2011-03-04 00:00:00,GLD,139.35001,0.009125
2011-03-07 00:00:00,GLD,139.72099,0.002662
2011-03-08 00:00:00,GLD,139.36000000000001,-0.002584
2011-03-09 00:00:00,GLD,139.41,0.000359
2011-03-10 00:00:00,GLD,137.77000000000001,-0.011764
2011-03-11 00:00:00,GLD,138.22,0.003266
2011-03-14 00:00:00,GLD,138.86000000000001,0.00463
2011-03-15 00:00:00,GLD,136.27000000000001,-0.018652
2011-03-16 00:00:00,GLD,136.24001000000001,-0.00022
2011-03-17 00:00:00,GLD,136.97,0.005358
2011-03-18 00:00:00,GLD,138.37,0.010221
2011-03-21 00:00:00,GLD,139.13999999999999,0.005565
2011-03-22 00:00:00,GLD,139.05000000000001,-0.000647
2011-03-23 00:00:00,GLD,140.34,0.009277
2011-03-24 00:00:00,GLD,139.22,-0.007981
2011-03-25 00:00:00,GLD,139.25998999999999,0.000287
2011-03-28 00:00:00,GLD,138.53998999999999,-0.00517
2011-03-29 00:00:00,GLD,138.21001000000001,-0.002382
2011-03-30 00:00:00,GLD,138.66999999999999,0.003328
2011-03-31 00:00:00,GLD,139.86000000000001,0.008582
2011-04-01 00:00:00,GLD,139.19999999999999,-0.004719
2011-04-04 00:00:00,GLD,139.84,0.004598
2011-04-05 00:00:00,GLD,142.05000000000001,0.015804
2011-04-06 00:00:00,GLD,142.38,0.002323
2011-04-07 00:00:00,GLD,142.50998999999999,0.000913
2011-04-08 00:00:00,GLD,143.66,0.00807
2011-04-11 00:00:00,GLD,142.63999999999999,-0.0071
2011-04-12 00:00:00,GLD,141.61000000000001,-0.007221
2011-04-13 00:00:00,GLD,141.89999,0.002048
2011-04-14 00:00:00,GLD,143.81,0.01346
2011-04-15 00:00:00,GLD,145.05000000000001,0.008623
2011-04-18 00:00:00,GLD,145.92999,0.006067
2011-04-19 00:00:00,GLD,145.92999,0
2011-04-20 00:00:00,GLD,146.5,0.003906
2011-04-21 00:00:00,GLD,146.74001000000001,0.001638
2011-04-25 00:00:00,GLD,146.87,0.000886
2011-04-26 00:00:00,GLD,146.38,-0.003336
2011-04-27 00:00:00,GLD,149.19999999999999,0.019265
2011-04-28 00:00:00,GLD,149.82001,0.004156
2011-04-29 00:00:00,GLD,152.37,0.01702
2011-05-02 00:00:00,GLD,150.41399999999999,-0.012837
2011-05-03 00:00:00,GLD,149.88,-0.00355
2011-05-04 00:00:00,GLD,147.72999999999999,-0.014345
2011-05-05 00:00:00,GLD,143.47,-0.028836
2011-05-06 00:00:00,GLD,145.30000000000001,0.012755
2011-05-09 00:00:00,GLD,147.38,0.014315
2011-05-10 00:00:00,GLD,147.89999,0.003528
2011-05-11 00:00:00,GLD,146.53998999999999,-0.009195
2011-05-12 00:00:00,GLD,146.59,0.000341
2011-05-13 00:00:00,GLD,145.63,-0.006549
2011-05-16 00:00:00,GLD,145.37,-0.001785
2011-05-17 00:00:00,GLD,144.74001000000001,-0.004334
2011-05-18 00:00:00,GLD,145.60001,0.005942
2011-05-19 00:00:00,GLD,145.64999,0.000343
2011-05-20 00:00:00,GLD,147.49001000000001,0.012633
2011-05-23 00:00:00,GLD,147.83000000000001,0.002305
2011-05-24 00:00:00,GLD,148.59,0.005141
2011-05-25 00:00:00,GLD,148.58000000000001,-0.000067
2011-05-26 00:00:00,GLD,148.22,-0.002423
2011-05-27 00:00:00,GLD,149.69999999999999,0.009985
2011-05-31 00:00:00,GLD,149.63999999999999,-0.000401
2011-06-01 00:00:00,GLD,149.91,0.001804
2011-06-02 00:00:00,GLD,149.5,-0.002735
2011-06-03 00:00:00,GLD,150.22,0.004816
2011-06-06 00:00:00,GLD,150.47999999999999,0.001731
2011-06-07 00:00:00,GLD,150.41999999999999,-0.000399
2011-06-08 00:00:00,GLD,149.81,-0.004055
2011-06-09 00:00:00,GLD,150.56,0.005006
2011-06-10 00:00:00,GLD,149.24001000000001,-0.008767
2011-06-13 00:00:00,GLD,147.77000000000001,-0.00985
2011-06-14 00:00:00,GLD,148.66999999999999,0.006091
2011-06-15 00:00:00,GLD,149.12,0.003027
2011-06-16 00:00:00,GLD,148.97,-0.001006
2011-06-17 00:00:00,GLD,149.94,0.006511
2011-06-20 00:00:00,GLD,150.03,0.0006
2011-06-21 00:00:00,GLD,150.75998999999999,0.004866
2011-06-22 00:00:00,GLD,150.99001000000001,0.001526
2011-06-23 00:00:00,GLD,148.339,-0.017557
2011-06-24 00:00:00,GLD,146.25998999999999,-0.014015
2011-06-27 00:00:00,GLD,145.72999999999999,-0.003624
2011-06-28 00:00:00,GLD,146.24001000000001,0.0035
2011-06-29 00:00:00,GLD,147.17999,0.006428
2011-06-30 00:00:00,GLD,146.00101000000001,-0.008011
2011-07-01 00:00:00,GLD,144.92999,-0.007336
2011-07-05 00:00:00,GLD,147.63,0.01863
2011-07-06 00:00:00,GLD,148.91,0.00867
2011-07-07 00:00:00,GLD,149.14999,0.001612
2011-07-08 00:00:00,GLD,150.25,0.007375
2011-07-11 00:00:00,GLD,151.59,0.008918
2011-07-12 00:00:00,GLD,152.77000000000001,0.007784
2011-07-13 00:00:00,GLD,154.13999999999999,0.008968
2011-07-14 00:00:00,GLD,154.53998999999999,0.002595
2011-07-15 00:00:00,GLD,155.19999999999999,0.004271
2011-07-18 00:00:00,GLD,156.57001,0.008827
2011-07-19 00:00:00,GLD,154.66,-0.012199
2011-07-20 00:00:00,GLD,156.02000000000001,0.008793
2011-07-21 00:00:00,GLD,154.83000000000001,-0.007627
2011-07-22 00:00:00,GLD,156.12,0.008332
2011-07-25 00:00:00,GLD,157.34,0.007815
2011-07-26 00:00:00,GLD,157.77000000000001,0.002733
2011-07-27 00:00:00,GLD,157.19,-0.003676
2011-07-28 00:00:00,GLD,157.32001,0.000827
2011-07-29 00:00:00,GLD,158.28998999999999,0.006166
2011-08-01 00:00:00,GLD,157.72,-0.003601
2011-08-02 00:00:00,GLD,161.52000000000001,0.024093
2011-08-03 00:00:00,GLD,161.49001000000001,-0.000186
2011-08-04 00:00:00,GLD,160.63999999999999,-0.005264
2011-08-05 00:00:00,GLD,161.75,0.00691
2011-08-08 00:00:00,GLD,167.11900000000003,0.033193
2011-08-09 00:00:00,GLD,168.61000000000001,0.008922
2011-08-10 00:00:00,GLD,174.58000000000001,0.035407
2011-08-11 00:00:00,GLD,170.75,-0.021938
2011-08-12 00:00:00,GLD,169.97,-0.004568
2011-08-15 00:00:00,GLD,171.80000000000001,0.010767
2011-08-16 00:00:00,GLD,173.91999999999999,0.01234
2011-08-17 00:00:00,GLD,174.41999999999999,0.002875
2011-08-18 00:00:00,GLD,177.72,0.01892
2011-08-19 00:00:00,GLD,179.94999999999999,0.012548
2011-08-22 00:00:00,GLD,184.59,0.025785
2011-08-23 00:00:00,GLD,177.66999999999999,-0.037488
2011-08-24 00:00:00,GLD,171.64599999999999,-0.033906
2011-08-25 00:00:00,GLD,172.36000000000001,0.00416
2011-08-26 00:00:00,GLD,177.47,0.029647
2011-08-29 00:00:00,GLD,173.88999999999999,-0.020172
2011-08-30 00:00:00,GLD,179.10001,0.029962
2011-08-31 00:00:00,GLD,177.72,-0.007705
2011-09-01 00:00:00,GLD,177.87,0.000844
2011-09-02 00:00:00,GLD,183.23801,0.030179
2011-09-06 00:00:00,GLD,182.89999,-0.001845
2011-09-07 00:00:00,GLD,177.08000000000001,-0.031821
2011-09-08 00:00:00,GLD,181.81,0.026711
2011-09-09 00:00:00,GLD,180.69999999999999,-0.006105
2011-09-12 00:00:00,GLD,176.66999999999999,-0.022302
2011-09-13 00:00:00,GLD,178.53998999999999,0.010585
2011-09-14 00:00:00,GLD,177.21001000000001,-0.007449
2011-09-15 00:00:00,GLD,174.39999,-0.015857
2011-09-16 00:00:00,GLD,176.03,0.009346
2011-09-19 00:00:00,GLD,173.31,-0.015452
2011-09-20 00:00:00,GLD,175.78,0.014252
2011-09-21 00:00:00,GLD,173.59,-0.012459
2011-09-22 00:00:00,GLD,169.05000000000001,-0.026154
2011-09-23 00:00:00,GLD,159.80000000000001,-0.054718
2011-09-26 00:00:00,GLD,157.58000000000001,-0.013892
2011-09-27 00:00:00,GLD,160.63,0.019355
2011-09-28 00:00:00,GLD,156.22,-0.027454
2011-09-29 00:00:00,GLD,157.69999999999999,0.009474
2011-09-30 00:00:00,GLD,158.06,0.002283
2011-10-03 00:00:00,GLD,160.96001000000001,0.018348
2011-10-04 00:00:00,GLD,157.64400000000001,-0.020601
2011-10-05 00:00:00,GLD,159.46001000000001,0.01152
2011-10-06 00:00:00,GLD,160.49001000000001,0.006459
2011-10-07 00:00:00,GLD,159.17999,-0.008163
2011-10-10 00:00:00,GLD,163.26601000000002,0.025669
2011-10-11 00:00:00,GLD,162.10001,-0.007142
2011-10-12 00:00:00,GLD,163.25998999999999,0.007156
2011-10-13 00:00:00,GLD,162.30000000000001,-0.00588
2011-10-14 00:00:00,GLD,163.39999,0.006778
2011-10-17 00:00:00,GLD,162.62,-0.004774
2011-10-18 00:00:00,GLD,161.84,-0.004796
2011-10-19 00:00:00,GLD,159.87,-0.012173
2011-10-20 00:00:00,GLD,157.77000000000001,-0.013136
2011-10-21 00:00:00,GLD,159.52000000000001,0.011092
2011-10-24 00:00:00,GLD,161.02000000000001,0.009403
2011-10-25 00:00:00,GLD,165.59,0.028382
2011-10-26 00:00:00,GLD,167.39999,0.010931
2011-10-27 00:00:00,GLD,169.55000000000001,0.012844
2011-10-28 00:00:00,GLD,169.62,0.000413
2011-10-31 00:00:00,GLD,167.34,-0.013442
2011-11-01 00:00:00,GLD,167.38,0.000239
2011-11-02 00:00:00,GLD,169.06,0.010037
2011-11-03 00:00:00,GLD,171.72,0.015734
2011-11-04 00:00:00,GLD,170.85001,-0.005066
2011-11-07 00:00:00,GLD,174.97999999999999,0.024173
2011-11-08 00:00:00,GLD,173.53,-0.008287
2011-11-09 00:00:00,GLD,172.07001,-0.008413
2011-11-10 00:00:00,GLD,171.13999999999999,-0.005405
2011-11-11 00:00:00,GLD,173.96001000000001,0.016478
2011-11-14 00:00:00,GLD,173.19999999999999,-0.004369
2011-11-15 00:00:00,GLD,173.36000000000001,0.000924
2011-11-16 00:00:00,GLD,171.50998999999999,-0.010671
2011-11-17 00:00:00,GLD,167.10001,-0.025713
2011-11-18 00:00:00,GLD,167.62,0.003112
2011-11-21 00:00:00,GLD,163.5,-0.024579
2011-11-22 00:00:00,GLD,165.31,0.01107
2011-11-23 00:00:00,GLD,164.83000000000001,-0.002904
2011-11-25 00:00:00,GLD,163.39999,-0.008676
2011-11-28 00:00:00,GLD,166.63,0.019768
2011-11-29 00:00:00,GLD,166.88,0.0015
2011-11-30 00:00:00,GLD,170.13,0.019475
2011-12-01 00:00:00,GLD,169.63,-0.002939
2011-12-02 00:00:00,GLD,169.82001,0.00112
2011-12-05 00:00:00,GLD,167.32001,-0.014721
2011-12-06 00:00:00,GLD,168.17999,0.00514
2011-12-07 00:00:00,GLD,169.39999,0.007254
2011-12-08 00:00:00,GLD,165.976,-0.020212
2011-12-09 00:00:00,GLD,166.39999,0.002555
2011-12-12 00:00:00,GLD,161.99001000000001,-0.026502
2011-12-13 00:00:00,GLD,158.44999999999999,-0.021853
2011-12-14 00:00:00,GLD,152.88999999999999,-0.03509
2011-12-15 00:00:00,GLD,152.33000000000001,-0.003663
2011-12-16 00:00:00,GLD,155.22999999999999,0.019038
2011-12-19 00:00:00,GLD,154.87,-0.002319
2011-12-20 00:00:00,GLD,156.97999999999999,0.013624
2011-12-21 00:00:00,GLD,157.16,0.001147
2011-12-22 00:00:00,GLD,156.03998999999999,-0.007127
2011-12-23 00:00:00,GLD,156.31,0.00173
2011-12-27 00:00:00,GLD,154.91,-0.008957
2011-12-28 00:00:00,GLD,151.03,-0.025047
2011-12-29 00:00:00,GLD,150.34,-0.004569
2011-12-30 00:00:00,GLD,151.99001000000001,0.010975
